abandon	n	1	['盡情、放縱', '', '']
abandon	v	1	['拋棄、捨棄、中止', '', '']
above	bj	0	['上文、前文；前文述及的、上述的', '', '']
above	bp	0	['在…上面、超過、大於', '', '']
abstract	jn	1	['抽象的', '', '']
abstract	n	1	['摘要', '', '']
accord	n	1	['協議、條約', '', '']
accord	v	1	['贈予、授予、(與...)一致', '', '']
account	n	1	['帳戶、帳號、敘述', '', '']
account	v	1	['視為、解釋、(數量或比例上)佔', '', '']
ace	j	2	['第一流的、極好的', '', '']
ace	n	2	['A紙牌、擅長...的人、(網球)發球得分', '', '']
ace	v	2	['表現得很好', '', '']
acoustic	j	2	['聲音的、聽覺的、(樂器)原聲的', '', '']
acoustic	n	2	['(建築物、房間的)傳音效果、音響效果', '', '']
across	bp	0	['橫過、在對面', '', '']
across	p	0	['在...各處、遍及', '', '']
act	nv	0	['行為、作為；行事、表現', '', '']
act	nv	0	['表演者、(戲劇的)幕；演出、扮演', '', '']
acute	j	2	['嚴重的、(病痛)急性的、靈敏的', '', '']
acute	n	2	['銳音符', '', '']
additive	j	2	['附加的', '', '']
additive	n	2	['(尤指食品的)添加物', '', '']
address	n	0	['地址、網址、位址；演講、演說', '', '']
address	v	1	['對...講話、發表演說；處理、應對', '', '']
advance	j	0	['預先的、事先的', '', '']
advance	n	0	['前進、發展、進展', '', '']
advance	v	0	['(使)前進、使發展、促進', '', '']
advisory	j	2	['顧問的、諮詢的', '', '']
advisory	n	2	['公告、警報', '', '']
aerial	jn	2	['從飛機上的、空中的', '', '']
aerial	n	2	['天線', 'noun = antenna (American English)', '']
affiliate	n	2	['附屬機構、分公司', '', '']
affiliate	v	2	['使隸屬於、加入、為...工作', '', '']
age	n	0	['年齡、老化；時代、時期', '', '']
age	v	0	['衰老、使變老、使成熟', '', '']
alcoholic	j	1	['酒精的、含酒精的', '', '']
alcoholic	n	1	['酗酒者、酒精中毒者', '', '']
alert	j	1	['警覺的、機警的', '', '']
alert	n	1	['警報、戒備', '', '']
alert	v	1	['使警覺、使意識到', '', '']
alien	j	2	['外國的、異域的、外星人的；陌生的、不熟悉的', '', '']
alien	n	2	['外國人、外星人(生物)', '', '']
alloy	nv	2	['合金；把...鑄成合金', '', '']
alloy	v	2	['把(價值)降低、損壞', '', '']
along	b	0	['向前、一起、來到', '', '']
along	p	0	['沿著', '', '']
alternative	j	1	['可替代的、可供選擇的；非傳統的、另類的', '', '']
alternative	n	1	['可供選擇的事物', '', '']
anchor	nv	2	['主持人；主持(電視、廣播節目)', '', '']
anchor	nv	2	['錨；拋錨、下錨', '', '']
any	b	0	['(用於否定或疑問句)稍、根本', '', '']
any	jr	0	['任何一個、一些；任何的、絲毫的', '', '']
ape	n	1	['人猿', '', '']
ape	v	1	['模仿、學...的樣子', '', '']
appeal	n	1	['呼籲；申訴；吸引力', '', '']
appeal	v	1	['呼籲；提出申訴；對...有吸引力', '', '']
appear	v	0	['出現、顯現', '', '']
appear	v	0	['看來好像、似乎', '=seem', '']
approach	n	1	['方式、方法', '', '']
approach	v	1	['接近；接洽；著手處理', '', '']
arm	n	0	['手臂、袖子、扶手', '', '']
arm	v	0	['武裝、備戰', '', '']
array	n	2	['大量、一批', '', '']
array	v	2	['配置、布置、排列', '', '']
as	b	0	['像...一樣、和...一樣', '', '']
as	c	0	['因為、當...時、以...的方式', '', '']
as	p	0	['作為、以...的身分', '', '']
associate	j	1	['副的、非正式的', '', '']
associate	n	1	['同事、合夥人', '', '']
associate	v	1	['聯想、聯繫', '', '']
attendant	j	2	['伴隨的、隨之而來的', '', '']
attendant	n	2	['服務員、侍者', '', '']
attribute	n	2	['屬性、特徵', '', '']
attribute	v	2	['歸因於', '', '']
audit	nv	2	['審計、稽核、查帳', '', '']
audit	v	2	['旁聽(大學課程)', '', '']
auxiliary	jn	1	['輔助人員；輔助的', '', '']
auxiliary	n	1	['助動詞', '= aux.', '']
ax	n	1	['斧頭；裁減、解雇', '= axe (British English)', '']
ax	v	1	['用斧頭劈、砍掉；裁減、撤銷、開除', '= axe (British English)', '']
back	b	0	['回原處、返回、向後、在背面', '', '']
back	jn	0	['背部、後面；背部的、後面的', '', '']
back	v	0	['贊助、支持；使倒退、後退', '', '']
bar	n	0	['條狀物、條紋、欄杆；酒吧、吧檯', '', '']
bar	nv	0	['障礙；阻擋、禁止', '', '']
bargain	n	1	['特價品；協議、交易', '', '']
bargain	v	1	['特價品、協議；討價還價', '', '']
barge	n	2	['大型平底船', '', '']
barge	v	2	['衝撞、亂闖', '', '']
bark	n	0	['樹皮', '', '']
bark	nv	0	['吠叫、咆哮；狗吠聲', '', '']
base	n	0	['(棒球運動中的)壘', '', '']
base	nv	0	['以...為據點、將總部設在；基地、基底、基礎', '', '']
bastard	jn	2	['私生子；私生的', '', '']
bastard	n	2	['討厭鬼、壞蛋', '', '']
bat	n	0	['蝙蝠', '', '']
bat	nv	0	['球棒、球拍；用球棒或球拍擊球', '', '']
batter	n	2	['(棒球的)打擊手；麵糊', '', '']
batter	v	2	['連續猛擊、毆打', '', '']
beam	n	1	['光線、光束', '', '']
beam	v	1	['照射、發光；高興地微笑、眉開眼笑', '', '']
bear	n	0	['熊', '', '']
bear	v	0	['承擔、忍受、負荷；具有；生孩子、結果實', '', '']
beat	n	0	['跳動聲、擊鼓聲；節拍', '', '']
beat	v	0	['打敗、戰勝；敲打、攪打', '', '']
beggar	n	1	['乞丐', '', '']
beggar	v	1	['使貧窮、使匱乏', '', '']
bent	j	2	['彎曲的、駝背的', '', '']
bent	n	2	['天賦', '', '']
best	bj	0	['最、最適當地；最好的、最適當的', '', '']
best	n	0	['最好的人或事', '', '']
best	v	0	['打敗、戰勝', '', '']
better	bj	0	['更、更好地；更好的、好轉的', '', '']
better	n	0	['更好的事物、更好者', '', '']
better	v	0	['勝過、超過', '', '']
bill	n	0	['議案、法案', '', '']
bill	nv	0	['鈔票、帳單；開立帳單', '', '']
binding	j	2	['必須遵守的，有法律約束力的', '', '']
binding	n	2	['(書籍的)封皮、鑲邊', '', '']
birdie	n	2	['小鳥', '', '']
birdie	nv	2	['(高爾夫球)小鳥擊、比標準桿少一桿入洞', '', '']
bitch	n	2	['母狗；[冒犯]壞女人、潑婦', '', '']
bitch	v	2	['說壞話', '', '']
blast	n	2	['狂風、強勁的氣流', '', '']
blast	nv	2	['(突然發出的)響聲；發出巨大聲響', '', '']
blast	nv	2	['炸毀、爆破；爆炸', '', '']
blaze	nv	2	['熊熊燃燒；大火、烈火、火焰', '', '']
blaze	nv	2	['閃耀、發亮光；燦爛', '', '']
block	n	0	['街區；大樓；大塊；堵塞物、障礙物', '', '']
block	v	0	['堵塞；阻擋；擋住；妨礙', '', '']
blot	nv	2	['墨水漬、汙點；把墨水濺到、弄髒', '', '']
blot	v	2	['(用軟紙或布)吸乾液體', '', '']
blow	n	0	['吹；吹奏(樂器)；擤(鼻子)；重擊；打擊', '', '']
blow	v	0	['吹；吹奏；擤鼻子；炸毀；爆裂', '', '']
blue	j	0	['悲傷的、憂鬱的', '', '']
blue	jn	0	['藍色的；藍色', '', '']
blunt	j	2	['(鉛筆、刀等)鈍的、不鋒利的；直率的、直截了當的', '', '']
blunt	v	2	['使變鈍、減弱', '', '']
board	n	0	['木板、牌子、佈告欄、黑板或白板、棋盤', '', '']
board	n	0	['董事會、理事會', '', '']
board	nv	0	['上(交通工具)；在船上(或其他交通工具)', '', '']
board	nv	0	['寄宿、住校；(住宿處提供的)伙食、膳食', '', '']
bob	nv	2	['(在水中)快速上下擺動、快速移動；快速點頭或鞠躬', '', '']
bob	nv	2	['(水中)快速擺動；(女)齊短髮、快速點頭', '', '']
bodily	b	2	['移動全身地；親身地；全體地、整體地', '', '']
bodily	j	2	['人體的、身體的', '', '']
bolster	n	2	['長靠枕', '', '']
bolster	v	2	['加強、支撐、改善', '', '']
bolt	n	2	['(門窗的)閂、螺栓；閃電、霹靂', '', '']
bolt	v	2	['閂上、用螺栓固定；(因受到驚嚇而)快跑、奔跑', '', '']
book	n	0	['書、簿冊', '', '']
book	v	0	['預訂、預約', '', '']
boom	nv	2	['繁榮、增長、迅速發展', '', '']
boom	nv	2	['隆隆聲；發出隆隆聲、轟鳴', '', '']
boot	n	1	['靴子；猛踢、猛踹', '', '']
boot	v	1	['猛踹、猛踢；(使電腦)啟動', '', '']
bottom	jnv	0	['底部、屁股；最底下的、最後的；到達底部、降到最低點', '', '']
bottom	n	0	['套裝的裙或褲', '', '']
bound	j	2	['肯定的、必然的；(法律或道德上)有義務的、受約束的；正在前往...的、開往...的', '', '']
bound	nv	2	['跳躍、跳動', '', '']
bow	n	1	['弓；(弦樂器的)琴弓；蝴蝶結', '船首 (P)', '']
bow	nv	0	['鞠躬、點頭致意', '', '']
brace	n	2	['托架、支架；牙箍', '', '']
brace	v	2	['支撐、加固；做準備、防備', '', '']
branch	n	0	['樹枝；支流、岔路；分支機構', '', '']
branch	v	0	['發出新枝；分岔、岔開', '', '']
brand	n	1	['品牌、商標；烙印', '', '']
brand	v	1	['打烙印於；譴責、加汙名於', '', '']
brass	jn	1	['銅管樂器；銅管樂器的', '', '']
brass	jn	1	['黃銅、黃銅製品；黃銅的、黃銅製的', '', '']
breach	n	2	['(法規等的)違反、違背；(關係)中斷、終止；缺口', '', '']
breach	v	2	['違反、違背；在...打開缺口', '', '']
break	n	0	['休息時間、課間休息、假期', '', '']
break	nv	0	['中止、中斷', '', '']
break	nv	0	['打破、弄壞；毀壞、打破、裂縫', '', '']
break	v	0	['違反、違背', '', '']
breed	n	1	['品種；交配繁殖、飼養', '', '']
breed	v	1	['品種；交配繁殖、飼養', '', '']
brew	n	2	['啤酒；混合物', '', '']
brew	v	2	['釀製(啤酒)、泡茶或咖啡；(壞事的)即將來臨、醞釀', '', '']
brief	j	0	['簡短的、短暫的', '', '']
brief	nv	0	['概要、簡報；簡報、向...介紹情況', '', '']
broil	v	2	['炙烤、被曝曬', '', '']
broil	v	2	['炙烤、被曝曬', '= grill', '']
brood	n	2	['一窩雛鳥、一窩動物', '', '']
brood	v	2	['擔憂、焦慮；孵蛋', '', '']
buck	n	2	['美元；雄鹿、公兔', '', '']
buck	v	2	['(馬)弓背跳躍、尥起後蹄跳躍；反抗、抵制', '', '']
bug	n	0	['小蟲子；病菌；(電腦程式的)漏洞；竊聽器', '', '']
bug	v	0	['煩擾、使惱怒；裝竊聽器', '', '']
build-up	n	2	['(重要事情的)準備過程、準備期', '= buildup, build up', '']
build-up	n	2	['增長、增大', '= buildup, build up', '']
bulge	n	2	['鼓起、凸起；暫時的激增、突然上漲', '', '']
bulge	v	2	['塞滿、鼓脹凸起', '', '']
burn	nv	0	['燒傷、曬傷、燙傷', '', '']
burn	v	0	['燃燒、著火、發燒', '', '']
bust	j	2	['破碎的、毀壞的', '', '']
bust	n	2	['半身像；胸圍；逮捕、搜捕', '', '']
bust	v	2	['打破、摔碎；突擊搜捕', '', '']
butcher	n	1	['肉商、肉舖；劊子手', '', '']
butcher	v	1	['屠宰、宰殺；殺戮、屠殺', '', '']
call	nv	0	['呼叫、鳴叫、召喚', '', '']
call	nv	0	['打電話；打電話、通話', '', '']
call	v	0	['給...命名、稱呼、把...視為', '', '']
cannon	n	2	['大砲', '', '']
cannon	v	2	['碰撞', '', '']
capital	j	1	['首要的；大寫字母的', '', '']
capital	n	1	['資金；首都；大寫字母', '', '']
capture	nv	1	['俘虜、捕獲', '', '']
capture	v	1	['(用文字或圖像)描繪；拍攝；引起(關注、興趣)', '', '']
cardinal	j	2	['極重要的、基本的', '', '']
cardinal	n	2	['樞機主教；基數；紅衣鳳頭鳥(見於北美，雄鳥為鮮紅色)', '', '']
caretaker	n	2	['(建築物的)管理員、看門者', '', '']
caretaker	n	2	['照顧者、護理員', '= carer', '']
cashier	n	1	['收銀員、出納員', '', '']
cashier	v	2	['撤銷...的軍職、免除...的軍籍', '', '']
cast	nv	1	['投、拋、擲', '', '']
cast	nv	1	['演員陣容；分配角色、選派角色', '', '']
cast	nv	1	['鑄造；鑄造物、鑄模', '', '']
cast	v	1	['投票', '', '']
catch	n	0	['接球；捕獲量', '', '']
catch	nv	0	['接住、捕捉；罹患、染病；聽見、聽清楚；趕上(交通工具)、追上', '', '']
caution	n	2	['謹慎、慎重；告誡、警告、提醒', '', '']
caution	v	2	['警告、告誡', '', '']
chain	n	1	['一系列、一連串', '', '']
chain	nv	1	['鍊條、鎖鏈、束縛；用鏈條鎖、拴住', '', '']
chair	n	0	['椅子', '', '']
chair	nv	0	['主持人、主席、系主任；擔任主席、主持', '', '']
champion	n	1	['冠軍、獲勝者', '', '']
champion	v	1	['支持、聲援、捍衛', '', '']
change	n	0	['改變；零錢', '', '']
change	v	0	['改變；交換、兌換', '', '']
chant	n	2	['聖歌、反覆吟詠的禱文、反覆呼喊或吟唱的話語', '', '']
chant	v	2	['反覆吟唱、反覆呼喊；唱聖歌、反覆吟誦禱文', '', '']
charge	n	0	['費用；指控、控告；職責、責任；充電量、電荷', '', '']
charge	v	0	['收費；指控、控告；指示、吩咐；充電', '', '']
charm	n	1	['魅力、吸引力；護身符、符咒', '', '']
charm	v	1	['迷住、吸引', '', '']
charter	n	2	['憲章、章程；許可證；(交通工具的)租賃', '', '']
charter	v	2	['特許設立、發給許可證；包租(交通工具)', '', '']
chatter	n	2	['喋喋不休的談話；(動物的)鳴叫聲；牙齒打顫的咯咯聲', '', '']
chatter	v	2	['嘮叨、喋喋不休；(動物的)鳴叫、吱吱叫；(牙齒因冷或害怕)打顫', '', '']
check	n	0	['支票；帳單；檢查、核對；鉤號', '支票 = cheque (British English)', '']
check	v	0	['檢查、核對；打勾', '', '']
chest	n	1	['胸部、胸腔', '', '']
chest	n	2	['(常為木製的)箱子', '', '']
chestnut	j	2	['栗色的、紅褐色的', '', '']
chestnut	n	2	['栗子；栗樹；栗色、紅褐色', '', '']
china	n	0	['中國', '', '']
china	n	1	['瓷、瓷器', '', '']
chip	n	1	['炸薯條、炸洋芋片、炸玉米片；(電腦的)晶片；(缺落的)碎屑、碎片、(杯碟的)缺口', '', '']
chip	v	1	['(使)掉碎片、打破', '', '']
chop	n	1	['(豬、羊)排骨、帶骨的肉塊', '', '']
chop	v	1	['剁、切、砍', '', '']
chuck	n	2	['(固定鑽頭等用的)卡盤、夾盤；牛肩胛肉', '', '']
chuck	v	2	['(隨意地)拋、扔、甩；放棄、停止、終止(戀愛關係)', '', '']
circular	j	1	['圓的、環形的、循環的', '', '']
circular	n	1	['(大量送發的)通報、傳單', '', '']
claim	n	0	['說法、斷言；權利、所有權', '', '']
claim	v	0	['聲稱、主張；認領、索取；索款、索賠', '', '']
clasp	n	2	['(包、皮帶或首飾的)扣子、扣環', '', '']
clasp	nv	2	['緊抱、緊握、抓緊', '', '']
class	n	0	['課、班級', '', '']
class	nv	0	['階級、等級；把...歸類、把...分級', '', '']
clean	bj	0	['完全的、徹底的；完全地、徹底地', '', '']
clean	jnv	0	['乾淨的、清潔的；清潔、打掃；清潔、打掃', '', '']
clear	b	0	['不觸及地、不靠近地', '', '']
clear	j	0	['清楚的、清晰的；暢通的、無阻礙的；不接觸的、不靠近的', '', '']
clear	v	0	['清除、清掃；使變清楚、使清晰', '', '']
climb	nv	0	['爬、攀登', '', '']
climb	v	0	['上升、晉升、上漲、增長', '', '']
clinch	n	2	['擁抱、扭抱', '', '']
clinch	v	2	['贏得、成功取得', '', '']
clip	n	1	['修剪；夾子、迴紋針；(電影或電視節目的)剪輯、片段', '', '']
clip	v	1	['修剪；(用夾子)夾住', '', '']
close	bj	0	['(空間或時間上)靠近、接近', '', '']
close	j	0	['親密的、密切的', '', '']
close	nv	0	['結束、停止；結局、結尾', '', '']
close	v	0	['關閉(門窗)、合攏；(商點或場所)關門、不開放、停業', '', '']
cloud	n	1	['雲、雲狀物、(網路)雲端', '', '']
cloud	v	1	['(雲、煙等)遮蔽、使模糊', '', '']
clutch	n	2	['離合器、離合器踏板；勢力範圍、控制、掌管；一群(人或動物)、一批(物品)', '', '']
clutch	nv	2	['緊握、抱緊、(因害怕或痛苦)突然抓住', '', '']
code	n	1	['密碼、代碼、編碼；法規、行為準則、規範', '', '']
code	v	1	['把...譯成密碼、編碼', '', '']
collected	j	2	['冷靜的、鎮定的', '', '']
collected	j	2	['收集成冊的、收集成系列的', '', '']
comfort	n	1	['舒服；安慰、慰藉、令人感到安慰的人事物；舒適的設施或條件', '', '']
comfort	v	1	['安慰、撫慰', '', '']
comic	j	0	['滑稽的、好笑的', '', '']
comic	n	0	['漫畫', '', '']
commission	n	1	['佣金、手續費', '', '']
commission	nv	1	['委任、委員會；委託', '', '']
commute	nv	2	['通勤', '', '']
commute	v	2	['用...替代、變換；減輕(刑罰)', '', '']
compass	n	2	['羅盤、指南針、圓規；範圍、界線', '', '']
compass	v	2	['包圍', '', '']
complex	jn	1	['複雜的、難懂的；複合物、建築群、綜合大樓', '', '']
complex	n	2	['(尤指過去的不快經驗造成的)情結', '', '']
compound	jnv	1	['化合物、複合物、複合詞；複合的；使混合', '', '']
compound	v	1	['使惡化、使加劇', '', '']
compress	n	2	['(止血消炎用)敷布', '', '']
compress	v	2	['壓縮、壓緊、精簡(資訊、文字等)', '', '']
con	n	2	['騙局；不利條件、弊病', '', '']
con	v	2	['欺詐、詐騙', '', '']
concrete	j	1	['具體的、有形的', '', '']
concrete	nv	1	['混凝土；用混凝土覆蓋', '', '']
condition	n	1	['狀況、狀態；條件、環境；條款', '', '']
condition	v	1	['使適應、使習慣於；為...的條件；使健康、養護(頭髮、皮膚等)', '', '']
conduct	n	1	['行為、舉止', '', '']
conduct	v	1	['執行、引導、指揮(合唱團或樂隊)；表現、舉止', '', '']
conserve	n	2	['蜜餞、糖漬食品', '', '']
conserve	v	2	['保存、保護、節約', '', '']
constituent	j	2	['構成的', '', '']
constituent	n	2	['成分、要素；選民', '', '']
content	jv	1	['滿意的、知足的；滿足於', '', '']
content	n	1	['內容、目錄', '名詞常使用複數形態', '']
contingent	j	2	['視...而定的、取決於...的；偶然的、可能的', '', '']
contingent	n	2	['(代表某一組織或國家的)代表團、(軍隊的)小分隊；偶然事件', '', '']
coordinate	j	2	['同一類別的、同等重要的', '', '']
coordinate	n	2	['座標', '', '']
coordinate	v	2	['協調、相配', '', '']
cop	n	2	['警察、員警；逮捕、拘捕', '', '']
cop	v	2	['逮捕、拘捕；抓、拿、握', '', '']
correspondent	j	2	['一致的、對應的', '', '']
correspondent	n	1	['記者、通信者', '', '']
cosmopolitan	j	2	['來自世界各地的、國際性的', '', '']
cosmopolitan	n	2	['見多識廣者', '', '']
counsel	n	2	['建議、忠告；律師', '', '']
counsel	v	2	['提供諮詢、勸告', '', '']
counter	n	1	['櫃檯、計數器', '', '']
counter	v	1	['反駁', '', '']
cradle	n	1	['搖籃、發源地', '', '']
cradle	v	1	['輕輕地抱著', '', '']
cramp	n	2	['痙攣、抽筋', '', '']
cramp	v	2	['束縛、阻礙', '', '']
crane	n	1	['起重機；鶴', '', '']
crane	v	1	['探出(頭)、伸長(脖子)', '', '']
crap	j	2	['[冒犯]劣質的、差勁的', '', '']
crap	n	2	['[冒犯]廢話、胡扯、垃圾、排泄物', '', '']
crap	v	2	['[冒犯]拉屎', '', '']
crash	n	1	['撞車事故、失事；碰撞聲；暴跌、倒閉；(電腦或系統)當機', '', '']
crash	v	1	['碰撞、墜毀；破產、崩盤；(電腦或系統)當機', '', '']
credit	n	1	['讚許；(經濟上的)信用、賒帳、信用貸款；學分', '', '']
credit	v	1	['把錢存進帳戶；歸功於', '', '']
crib	n	2	['嬰兒床', '', '']
crib	v	2	['抄襲(作弊)、剽竊', '', '']
cripple	n	1	['[冒犯]殘障人士、瘸子、跛子', '', '']
cripple	v	1	['使跛腳、使受傷致殘；嚴重損害', '', '']
crook	n	2	['彎曲(部分)、曲柄杖', '', '']
crook	v	2	['使(手指或手臂)彎曲', '', '']
crop	n	1	['農作物', '', '']
crop	v	1	['剪裁、剪短', '', '']
cross	n	0	['十字架、十字形', '', '']
cross	v	0	['穿越、交叉', '', '']
crow	n	1	['烏鴉', '', '']
crow	v	1	['啼叫', '', '']
crumble	n	2	['酥皮水果甜點', '', '']
crumble	v	2	['使成碎屑、崩壞', '', '']
crush	n	1	['迷戀', '', '']
crush	v	1	['壓扁、壓碎', '', '']
cult	j	2	['受特定群體歡迎的', '', '']
cult	n	2	['狂熱崇拜、邪教', '', '']
current	j	0	['當前的', '', '']
current	n	0	['水流、氣流、電流', '', '']
cushion	n	1	['軟墊', '', '']
cushion	v	1	['緩衝', '', '']
cutting	j	2	['刻薄的', '', '']
cutting	n	2	['剪報、插枝', '', '']
cycle	n	1	['循環', '', '']
cycle	v	1	['騎自行車', '', '']
dart	n	2	['飛鏢', '', '']
dart	v	2	['飛奔；猛然一瞥', '', '']
dash	n	1	['飛奔；短跑比賽；破折號', '', '']
dash	v	1	['飛奔；猛擊', '', '']
deal	n	0	['交易、協議', '', '']
deal	v	0	['做生意、買賣；處理；分發、發牌', '', '']
decimal	j	2	['十進位的', '', '']
decimal	n	2	['小數', '', '']
default	n	2	['違約；預設值', '', '']
default	v	2	['違約、不清償債務', '', '']
defect	n	2	['缺陷', '', '']
defect	v	2	['背叛、叛變', '', '']
deliberate	j	2	['故意的；小心謹慎的', '', '']
deliberate	v	2	['仔細考慮', '', '']
delinquent	j	2	['犯法的；逾期未付的', '', '']
delinquent	n	2	['青少年犯', '', '']
dependent	j	1	['依賴的、取決於', '', '']
dependent	n	1	['受扶養者', '= dependant', '']
deposit	n	1	['訂金、存款', '', '']
deposit	v	1	['放置、付訂金、存錢', '', '']
desert	n	0	['沙漠', '', '']
desert	v	0	['遺棄', '', '']
designate	j	2	['新任命的', '', '']
designate	v	2	['指定、指派、標明', '', '']
digest	n	1	['文摘、摘要', '', '']
digest	v	1	['消化、領悟', '', '']
direct	j	0	['直接的', '', '']
direct	v	0	['針對、指揮', '', '']
discipline	n	1	['紀律、訓練', '', '']
discipline	v	1	['(使有)紀律、訓練、懲戒', '', '']
dispatch	n	2	['快訊', '= despatch (British English)', '']
dispatch	nv	2	['派遣、發送', '= despatch (British English)', '']
ditch	n	1	['水溝', '', '']
ditch	v	1	['丟棄', '', '']
do	v	0	['做', '', '']
do	x	0	['助動詞', '', '']
doom	n	2	['厄運、死亡', '', '']
doom	v	2	['注定(失敗)', '', '']
down	bp	0	['向下；在下方', '', '']
down	j	0	['情緒低落', '', '']
down	n	0	['羽絨', '', '']
draft	n	1	['草稿', '', '']
draft	v	1	['起草、草擬；徵召入伍、徵募', '', '']
drag	n	1	['令人厭煩的事', '', '']
drag	v	1	['拖、拉', '', '']
drape	n	2	['(窗)簾', '', '']
drape	v	2	['披、垂掛', '', '']
eclipse	n	2	['日蝕、月蝕；衰落', '', '']
eclipse	v	2	['遮蔽、使黯然失色', '', '']
either	b	0	['也(否定句)', '', '']
either	cjr	0	['(兩者中)任一個', '', '']
embrace	nv	2	['擁抱', '', '']
embrace	v	2	['欣然接受、包含', '', '']
even	b	0	['甚至、更加', '', '']
even	j	1	['平坦的、均等的', '', '']
excess	j	2	['過量的', '', '']
excess	n	2	['過量、超過', '', '']
exclusive	j	2	['除外的；專用的、獨有的', '', '']
exclusive	n	2	['獨家新聞', '', '']
excuse	n	0	['藉口', '', '']
excuse	v	0	['原諒', '', '']
executive	j	1	['執行的、行政的', '', '']
executive	n	1	['高層主管、執行委員會', '', '']
exhaust	n	1	['廢氣', '', '']
exhaust	v	1	['使精疲力盡、用光', '', '']
exhibit	n	1	['展覽(品)', '', '']
exhibit	v	1	['展覽；表現出', '', '']
express	j	0	['快的', '', '']
express	n	0	['快車、快遞', '', '']
express	v	0	['表達', '', '']
extract	n	2	['萃取物；摘要', '', '']
extract	v	2	['抽出、提取', '', '']
faint	j	1	['微弱的；昏眩的', '', '']
faint	nv	1	['昏倒', '', '']
fair	j	0	['公平的', '', '']
fair	n	0	['市集、商品展覽會、園遊會', '', '']
fall	n	0	['秋天', '= autumn', '']
fall	v	0	['跌倒、掉落、下降', '', '']
fashion	n	0	['流行時尚', '', '']
fashion	v	0	['塑造成、製作', '', '']
feeder	j	2	['支流的', '', '']
feeder	n	2	['餵食器', '', '']
fetch	n	1	['(跟狗玩的)丟接遊戲', '', '']
fetch	v	1	['拿來、取物、接', '', '']
fiddle	n	2	['小提琴', '', '']
fiddle	v	2	['隨意擺弄；偽造', '', '']
figure	n	0	['數字、圖表', '', '']
figure	v	0	['認為、計算', '', '']
file	n	1	['檔案', '', '']
file	v	1	['把(文件)歸檔；提出(訴訟、申請等)', '', '']
filter	n	2	['過濾器', '', '']
filter	v	2	['過濾；穿透、滲入', '', '']
final	j	0	['最後的', '', '']
final	n	0	['期末考', '', '']
fine	j	0	['很好的', '', '']
fine	nv	0	['處以罰金；罰金', '', '']
fire	n	0	['火', '', '']
fire	v	0	['開火、發射；開除', '', '']
firm	j	0	['堅固的', '', '']
firm	n	0	['公司', '', '']
fit	j	0	['健壯的、健康的', '', '']
fit	n	1	['一陣；(病)發作', '', '']
fit	v	0	['合適', '', '']
fitting	j	2	['適合的、恰當的', '', '']
fitting	n	2	['試衣服', '', '']
flap	n	2	['拍打聲；', '', '']
flap	v	2	['拍打', '', '']
flat	j	0	['平坦的', '', '']
flat	n	0	['公寓', '= apartment', '']
fling	n	2	['短暫的快樂時光', '', '']
fling	v	2	['(用力)扔擲、猛烈地做', '', '']
flounder	n	2	['比目魚', '', '']
flounder	v	2	['掙扎、陷入困境', '', '']
flourish	n	2	['(引起注意的)誇張動作', '', '']
flourish	v	2	['茁壯、繁盛', '', '']
fly	n	0	['蒼蠅', '', '']
fly	v	0	['飛', '', '']
foil	n	2	['(金屬)箔；陪襯物', '', '']
foil	v	2	['阻止', '', '']
fool	jn	0	['傻瓜；愚蠢的', '', '']
fool	v	0	['愚弄、欺騙', '', '']
for	c	0	['因為', '', '']
for	p	0	['為了、給、(時間、距離)達', '', '']
force	n	0	['力量', '', '']
force	v	0	['強迫', '', '']
forge	n	2	['熔鐵廠', '', '']
forge	v	2	['鍛造、偽造、創造', '', '']
form	n	0	['表格、形狀', '', '']
form	v	0	['組成', '', '']
foul	j	2	['糟糕的、粗鄙的', '', '']
foul	n	2	['犯規', '', '']
foul	v	2	['犯規、弄髒', '', '']
freak	jn	2	['怪異的；怪人、怪物', '', '']
freak	v	2	['嚇壞、極度激動', '', '']
free	j	0	['空閒、免費、自由的', '', '']
free	v	0	['使自由', '', '']
fringe	n	2	['邊緣；穗狀物', '', '']
fringe	v	2	['邊緣有著', '', '']
fuse	n	2	['保險絲、引線', '', '']
fuse	v	2	['熔合、結合', '', '']
gathering	j	2	['增加的', '', '']
gathering	n	2	['收集', '', '']
gathering	n	2	['集會', '', '']
gear	n	1	['(汽車)排檔、齒輪；裝備、用具', '', '']
gear	v	1	['使適合', '', '']
general	j	0	['一般的、普遍的', '', '']
general	n	0	['將軍', '', '']
given	j	2	['規定的、特定的', '', '']
given	p	2	['考慮到、鑒於', '', '']
go-ahead	j	2	['有進取心的', '', '']
go-ahead	n	2	['許可', '', '']
gorge	n	2	['峽谷', '', '']
gorge	v	2	['塞飽、狼吞虎嚥', '', '']
grade	n	0	['成績', '', '']
grade	v	1	['評分、分等級', '', '']
grant	n	1	['補助金', '', '']
grant	v	1	['准予、同意', '', '']
grate	n	2	['金屬爐架', '', '']
grate	v	2	['磨碎、摩擦；使煩躁', '', '']
grave	j	1	['嚴肅的、嚴重的', '', '']
grave	n	1	['墳墓', '', '']
graze	n	2	['擦傷', '', '']
graze	v	2	['(牛羊等)吃草；擦破(皮膚)', '', '']
grind	n	1	['令人厭倦的苦事', '', '']
grind	v	1	['磨(碎)、碾(碎)', '', '']
grip	n	2	['緊握、控制', '', '']
grip	v	2	['緊握、吸引注意力', '', '']
gross	j	2	['總共的；噁心的', '', '']
gross	nv	2	['總共獲利、總額', '', '']
gulp	n	2	['吞、嚥', '', '']
gulp	v	2	['大口吃喝、倒吸氣', '', '']
gust	n	2	['一陣(強風)', '', '']
gust	v	2	['強勁地吹', '', '']
gut	n	2	['腸、內臟、勇氣、直覺', '', '']
gut	v	2	['取出內臟、拆毀', '', '']
hack	n	2	['寫手、騎乘用的馬', '', '']
hack	v	2	['劈砍、(遭)駭', '', '']
hail	n	2	['雹、冰雹', '', '']
hail	v	2	['招喊、喝采、譽為、下冰雹', '', '']
half	b	0	['一半地、部分地', '', '']
half	j	0	['一半的、不完全的、部分的', '', '']
half	nr	0	['一半(之人、物)；一半、半個', '', '']
hamper	n	2	['有蓋的籃子', '', '']
hamper	v	2	['妨礙、牽制', '', '']
hand	n	0	['手', '', '']
hand	v	0	['傳遞', '', '']
handicap	n	1	['殘疾、阻礙', '', '']
handicap	v	1	['阻礙', '', '']
handle	n	0	['把手', '', '']
handle	v	0	['處理', '', '']
harbor	n	1	['港口', '', '']
harbor	v	1	['心懷、藏有', '', '']
hard	b	0	['努力地、猛烈地', '', '']
hard	j	0	['難的、硬的', '', '']
harness	n	2	['馬具、繫帶', '', '']
harness	v	2	['(為馬)上輓具、利用', '', '']
hatch	n	1	['（牆、地板等上的）開口、活板門', '', '']
hatch	v	1	['孵化、謀劃', '', '']
haul	n	2	['(一次)漁獲量、非法獲得物', '', '']
haul	v	2	['拖、拉、搬運', '', '']
haunt	n	2	['常去的地方', '', '']
haunt	v	2	['鬧鬼、使困擾', '', '']
have	v	0	['有、吃、喝', '', '']
have	x	0	['（與動詞的過去分詞連用，構成現在完成式和過去完成式）', '', '']
head	n	0	['頭', '', '']
head	v	0	['前往', '', '']
headline	n	1	['(報紙)頭條', '', '']
headline	v	1	['加標題', '', '']
heap	n	1	['一堆、大量', '', '']
heap	v	1	['堆積、裝滿', '', '']
hedge	n	2	['籬笆、防備措施', '', '']
hedge	v	2	['圍住、迴避', '', '']
highlight	n	2	['最精彩突出的部分', '', '']
highlight	v	2	['強調、使顯著', '', '']
hold	n	0	['握、拿、抓', '', '']
hold	v	0	['舉辦', '', '']
hound	n	2	['獵犬', '', '']
hound	v	2	['跟蹤、煩擾', '', '']
hull	n	2	['船身、(果實的)殼', '', '']
hull	v	2	['除去(水果、蔬菜等的)皮(或莖、葉)', '', '']
hunch	n	2	['預感、直覺', '', '']
hunch	v	2	['使弓起、聳肩', '', '']
imperative	j	2	['重要緊急的、祈使語氣的', '', '']
imperative	n	2	['必須履行的責任、必要的事', '', '']
incense	n	2	['（在宗教儀式上焚燒的）香', '', '']
incense	v	2	['激怒', '', '']
initial	j	1	['起初的', '', '']
initial	nv	1	['首字母；簽署姓名首字母', '', '']
intent	j	2	['熱切的、堅持要做的', '', '']
intent	n	2	['意圖', '', '']
interim	j	2	['暫時的、間歇的', '', '']
interim	n	2	['過渡期間', '', '']
intrigue	n	2	['陰謀詭計、引人入勝的複雜情節', '', '']
intrigue	v	2	['激起…的興趣', '', '']
invalid	j	2	['病弱的、無效的', '', '']
invalid	n	2	['病弱者', '', '']
iron	n	0	['鐵', '', '']
iron	v	0	['熨', '', '']
issue	n	1	['議題、問題', '', '']
issue	v	1	['發行', '', '']
ivory	j	1	['象牙白色的', '', '']
ivory	n	1	['象牙、象牙製品', '', '']
jack	n	2	['千斤頂、(紙牌)傑克、(電)插座', '', '']
jack	v	2	['用起重機舉起、哄抬(價格等)', '', '']
jam	n	0	['堵塞、果醬', '', '']
jam	v	1	['塞進、擠滿', '', '']
jerk	n	2	['笨蛋', '', '']
jerk	v	2	['猛地一拉(推、扔、動)', '', '']
jockey	n	2	['賽馬騎師、（設備、車輛的）操作者', '', '']
jockey	v	2	['運用各種手段謀利', '', '']
joint	j	0	['共同的', '', '']
joint	n	0	['接點', '', '']
judge	n	0	['法官', '', '']
judge	v	0	['判斷', '', '']
key	j	0	['重要的', '', '']
key	n	0	['鑰匙、關鍵', '', '']
kind	j	0	['仁慈、親切的', '', '']
kind	n	0	['種類', '', '']
land	n	0	['土地', '', '']
land	v	0	['登陸', '', '']
last	jnr	0	['最後的、剛過的', '', '']
last	v	1	['持續', '', '']
lead	n	1	['鉛', '', '']
lead	nv	0	['領導；領先', '', '']
lean	j	1	['瘦(肉)的', '', '']
lean	v	1	['傾斜、倚靠', '', '']
left	bn	0	['左邊、左側；向左', '', '']
left	j	0	['左邊的、左側的、剩下的', '', '']
level	j	0	['水平的', '', '']
level	n	0	['水準', '', '']
lie	nv	0	['謊言；說謊', '', '']
lie	v	0	['躺下、橫臥、擺放', '', '']
lift	n	0	['舉、順道搭載', '', '']
lift	v	0	['舉起', '', '']
light	bj	0	['輕(便)、明亮、(顏色)淺、少量', '', '']
light	jnv	0	['光、燈；點燃、照亮；明亮的', '', '']
like	p	0	['像、如', '', '']
like	v	0	['喜歡、想要', '', '']
limp	j	2	['無力的、無精神的', '', '']
limp	nv	2	['跛行', '', '']
live	j	1	['實況的、現場演出的、活的', '', '']
live	v	0	['活', '', '']
locomotive	j	2	['機車、火車頭', '', '']
locomotive	n	2	['移動的、運動的', '', '']
long	bj	0	['長的、久的；長久地', '', '']
long	v	1	['渴望、期盼', '', '']
loom	n	2	['織布機', '', '']
loom	v	2	['赫然聳現、逼近', '', '']
lumber	n	2	['木材、木料', '', '']
lumber	v	2	['採伐林木、緩慢笨拙行進、迫使擔負職責', '', '']
maiden	j	2	['初次的', '', '']
maiden	n	2	['未婚女子', '', '']
major	j	0	['主要的', '', '']
major	nv	0	['主修科目、主修生；主修', '', '']
mandate	n	2	['(政府或官員經選舉而獲得的)授權', '', '']
mandate	v	2	['強制執行', '', '']
manifest	jv	2	['明顯的；表明(尤指態度、品質)', '', '']
manifest	n	2	['（船或飛機的）貨單、旅客名單', '', '']
march	n	0	['三月', '= Mar.', '']
march	nv	1	['行進、行軍；示威遊行、持續的發展', '', '']
mark	n	0	['分數', '', '']
mark	v	0	['標記', '', '']
master	n	0	['主人、大師', '', '']
master	v	1	['征服、控制；精通', '', '']
match	n	0	['比賽', '', '']
match	v	0	['相配', '', '']
matter	n	0	['問題；物質', '', '']
matter	v	0	['有關係', '', '']
may	n	0	['五月', '', '']
may	x	0	['可能', '', '']
mean	j	1	['吝嗇的、卑鄙的', '', '']
mean	v	0	['意思是、意指、意圖', '', '']
measure	n	0	['措施', '', '']
measure	v	0	['測量', '', '']
medium	j	0	['中間的、中等的', '', '']
medium	n	0	['媒介、方法、媒體', '', '']
meter	n	0	['公尺', '= metre (British English)= m', '']
meter	v	1	['用儀表測量', '', '']
might	n	1	['力量', '', '']
might	x	0	['可能、或許', '', '']
mind	n	0	['心思、主意、想法、智力', '', '']
mind	v	0	['注意、介意', '', '']
minor	j	0	['較小、少的；次要的', '', '']
minor	n	0	['副修、未成年', '', '']
minor	v	0	['副修', '', '']
mint	j	2	['（郵票、硬幣等）簇新的', '', '']
mint	nv	2	['薄荷、鑄幣廠；鑄造（硬幣）', '', '']
minute	j	1	['極小的、仔細的', '', '']
minute	n	0	['分鐘', '= min.', '']
miss	n	0	['小姐', '', '']
miss	v	0	['錯過；想念', '', '']
mock	jn	2	['模擬的；模擬考試', '', '']
mock	v	2	['嘲笑', '', '']
mold	n	2	['模具、霉', '= mould (British English)', '']
mold	v	2	['將…塑造成', '', '']
monthly	bj	0	['每月的(地)', '', '']
monthly	n	0	['月刊', '', '']
moor	n	2	['曠野、高沼地', '', '']
moor	v	2	['使停泊', '', '']
mortal	j	2	['終將死亡的、致命的', '', '']
mortal	n	2	['凡人、普通人', '', '']
mortar	n	2	['灰泥、砂漿、迫擊炮、研缽', '', '']
mortar	v	2	['用迫擊砲攻擊', '', '']
mother	n	0	['母親', '= mommy= mom= momma= mamma', '']
mother	v	0	['養育', '', '']
motion	n	0	['行動、動作', '', '']
motion	v	0	['打手勢', '', '']
mug	n	1	['馬克杯', '', '']
mug	v	1	['（在公共場合）攔路搶劫', '', '']
mushroom	n	1	['蘑菇', '', '']
mushroom	v	1	['迅速增長', '', '']
net	j	1	['淨值的', '', '']
net	nv	1	['網(狀物)；用網捕', '', '']
novel	j	0	['新穎的', '', '']
novel	n	0	['小說', '', '']
object	n	0	['物體、對象、目標', '', '']
object	v	0	['反對、抗議', '', '']
offset	jn	2	['用膠印法印；平板印刷的', '', '']
offset	v	2	['補償、抵銷', '', '']
opening	j	1	['開始的', '', '']
opening	n	1	['缺口、開幕', '', '']
operative	j	2	['可使用', '', '']
operative	n	2	['操作員', '', '']
opposite	bj	1	['在對面(的)；在…對面', '', '']
opposite	n	1	['反面', '', '']
order	n	0	['訂單、順序、命令', '', '']
order	v	0	['點菜、訂購、命令', '', '']
orderly	j	1	['有條理的、整齊的', '', '']
orderly	n	1	['(醫院)護理員、(軍)勤務兵', '', '']
orient	n	2	['東方(尤指中國和日本)', '= East', '']
orient	v	2	['朝向、確定方位、熟悉', '= orientate', '']
oriental	j	2	['東方的、東方人的', '= eastern', '']
oriental	n	2	['東方人、東亞國家的人', '', '']
outfit	n	2	['全套服裝', '', '']
outfit	v	2	['為…提供配備', '', '']
overall	bj	1	['全面的；全部、大致上', '', '']
overall	n	1	['工作褲/服', '', '']
own	jr	0	['自己的', '', '']
own	v	0	['擁有', '', '']
park	n	0	['公園', '', '']
park	v	0	['停(車)', '', '']
part	n	0	['部分', '', '']
part	v	1	['離開、分別', '', '']
patient	j	0	['有耐心的', '', '']
patient	n	0	['病人', '', '']
perfect	j	0	['完美的', '', '']
perfect	v	2	['使完善、使完美', '', '']
periodical	j	2	['週期性的', '', '']
periodical	n	2	['(學術)期刊', '', '']
pine	n	1	['松樹、松木', '', '']
pine	v	1	['渴望；憔悴', '', '']
place	n	0	['廣場、地方、位置', '', '']
place	v	0	['放置', '', '']
plain	bj	0	['樸素的、簡單的；完全地、簡直', '', '']
plain	n	0	['平原', '', '']
plant	n	0	['植物', '', '']
plant	v	0	['種植', '', '']
play	n	0	['比賽、遊戲、戲劇', '', '']
play	v	0	['玩、打(球)、演奏', '', '']
please	b	0	['請', '', '']
please	v	0	['使高興、取悅', '', '']
point	n	0	['點、觀點、要點、(特定)時刻', '', '']
point	v	0	['指向、瞄準', '', '']
post	n	1	['職位、郵件；杆/柱', '', '']
post	nv	0	['郵件、貼文；郵寄、發佈', '= mail (American English) 郵件,包裹,郵寄', '']
pound	n	0	['磅、英鎊', '', '']
pound	v	1	['猛擊、(心)怦怦跳、猛烈敲擊', '', '']
premise	n	2	['(法律用語)房屋、土地；經營場地', '', '']
premise	n	2	['（作為先決條件的）假定、前提', '', '']
premium	j	2	['稀少、優質的', '', '']
premium	n	2	['保險費', '', '']
present	j	0	['出席的、現在的', '', '']
present	n	0	['禮物；現在', '', '']
present	v	2	['贈送、頒發', '', '']
press	n	0	['新聞界、印刷出版業', '', '']
press	v	0	['按、壓、催迫', '', '']
pretty	b	0	['相當、頗', '', '']
pretty	j	0	['漂亮的', '', '']
primary	j	0	['初級的、初等的', '', '']
primary	j	1	['首要的、主要的、基本的', '', '']
primary	n	1	['(美國推舉黨內候選人的)初選', '', '']
prime	j	1	['原始的、首位的', '', '']
prime	n	1	['全盛時期', '', '']
prime	v	1	['使準備好', '', '']
principal	j	1	['最重要的、主要的', '', '']
principal	n	0	['校長、首長', '', '']
pro	jn	2	['職業選手； 職業的、專業的', '', '']
pro	p	2	['擁護、支持', '', '']
produce	n	2	['(尤指)農產品', '', '']
produce	v	0	['製造、生產', '', '']
project	n	0	['方案、計畫、(學生)研究', '', '']
project	v	2	['計畫、估計、投射、展現', '', '']
prompt	j	1	['迅速的', '', '']
prompt	n	1	['提示', '', '']
prompt	v	1	['促使', '', '']
proof	j	1	['防…的', '', '']
proof	n	1	['證據、證實', '', '']
prop	n	2	['(戲劇或電影中的)道具', '', '']
prop	v	2	['支撐', '', '']
prospect	n	1	['可能性、前景', '', '']
prospect	v	2	['探礦、勘探', '', '']
prune	n	2	['梅子乾', '', '']
prune	v	2	['修剪樹枝、裁減', '', '']
puzzle	n	0	['拼圖', '', '']
puzzle	nv	0	['難題；使...感到為難、困惑', '', '']
race	n	0	['種族', '', '']
race	nv	0	['賽跑、參加比賽；競爭', '', '']
rack	n	2	['架子', '', '']
rack	v	2	['使痛苦不堪、使受折磨', '', '']
rag	n	2	['抹布', '', '']
rag	v	2	['嘲笑、捉弄', '', '']
raise	n	0	['加薪、加薪額', '', '']
raise	nv	0	['舉高、提升、養育；提高', '', '']
range	n	0	['排、行、範圍；山脈', '', '']
range	v	0	['範圍、排列', '', '']
rap	n	2	['饒舌音樂', '', '']
rap	v	2	['敲擊、批評、指責', '', '']
rash	j	2	['急躁的、魯莽的', '', '']
rash	n	2	['皮疹', '', '']
rave	jv	2	['極力誇獎；高度稱讚的', '', '']
rave	n	2	['狂歡晚會', '', '']
reach	n	0	['（手、能力、影響等）可及範圍', '', '']
reach	v	0	['伸出(手)、抵達、 取得聯繫', '', '']
rear	jn	1	['後面的；後部', '', '']
rear	v	1	['撫養、飼養', '', '']
refrain	n	2	['疊句、副歌', '', '']
refrain	v	2	['避免、克制', '', '']
refuse	n	1	['垃圾、廢棄物', '', '']
refuse	v	0	['拒絕', '', '']
relative	j	0	['相關的', '', '']
relative	n	0	['親戚', '', '']
reserve	n	1	['儲備（物）', '', '']
reserve	v	1	['預訂、訂位', '', '']
resort	n	2	['旅遊勝地', '', '']
resort	v	2	['訴諸於、憑藉、採用', '', '']
rest	n	0	['休息', '', '']
rest	nv	0	['剩下；剩餘部分、其餘', '', '']
right	bj	0	['右邊的、正確的；向右、正確地、立刻', '', '']
right	n	0	['右方；權利', '', '']
ring	n	0	['戒指、環；鈴聲', '', '']
ring	v	0	['打電話、按門鈴、(鈴聲)響起', '', '']
rock	n	0	['石頭、岩石、搖滾樂', '', '']
rock	v	0	['搖晃、震動、跳舞(搖滾樂)', '', '']
round	bp	0	['環繞地、周而復始地；圍繞、環繞', '', '']
round	j	0	['圓形的', '', '']
round	n	0	['一輪、一回合', '', '']
row	n	0	['排、行、列', '', '']
row	nv	2	['吵架、口角；爭吵、吵鬧', '', '']
row	v	0	['划(船)', '', '']
rustle	nv	2	['(使)沙沙作響；窸窣聲', '', '']
rustle	v	2	['急忙行動', '', '']
safe	j	0	['安全的', '', '']
safe	n	0	['保險箱、保險櫃', '', '']
screen	n	0	['螢幕', '', '']
screen	v	0	['遮擋、檢查、放映', '', '']
sculpture	n	1	['雕刻品、雕刻術', '', '']
sculpture	v	2	['雕塑、雕刻', '= sculpt', '']
season	n	0	['季節', '', '']
season	v	1	['調味', '', '']
second	bj	0	['第二的；居第二位', '', '']
second	n	0	['第二位；秒', '', '']
set	j	0	['準備好的', '', '']
set	n	0	['一套(組、副)', '', '']
set	v	0	['放、裝設', '', '']
shape	n	0	['形狀', '', '']
shape	v	2	['塑造', '', '']
share	n	0	['股票、部分', '', '']
share	v	0	['分享、分擔', '', '']
ship	n	0	['(航海的)大船、艦', '', '']
ship	v	0	['用船運、運送', '', '']
shop	n	0	['店舖', '= store 商店', '']
shop	v	0	['買、購物', '', '']
shutter	n	2	['百葉窗；相機快門', '', '']
shutter	v	2	['關上...的百葉窗或快門；停止營業', '', '']
sign	n	0	['徵兆、標示', '', '']
sign	v	0	['簽名、簽約', '', '']
signal	j	1	['顯著的、非凡的', '', '']
signal	nv	1	['信號；發信號', '', '']
sink	n	0	['水槽', '', '']
sink	v	0	['下沉', '', '']
sit-down	j	2	['坐在餐桌前的、靜坐抗議的', '', '']
sit-down	n	2	['坐下休息', '', '']
skip	n	1	['跳、蹦；省略', '', '']
skip	v	1	['蹦蹦跳跳；略過', '', '']
skirt	n	0	['裙子', '', '']
skirt	v	2	['環繞…的四週、避開(話題)', '', '']
slack	j	2	['鬆弛的、蕭條的、懈怠的', '', '']
slack	n	2	['(繩索等的)鬆弛部分、蕭條期、懈怠', '', '']
slack	v	2	['放鬆、變鬆弛、減緩', '', '']
slap	b	2	['正好、恰好', '', '']
slap	nv	2	['拍、掌摑；輕拍、(一記)耳光', '', '']
slate	n	2	['石板', '', '']
slate	v	2	['預定；(在報紙評論中)抨擊', '', '']
slick	bj	2	['光滑的、熟練的、巧妙的；熟練地、靈巧地', '', '']
slick	n	2	['水面浮油', '', '']
slick	v	2	['使光滑平整', '', '']
slot	n	2	['狹縫；(自動販賣機等的)投幣口；(計畫表中的)時間', '', '']
slot	v	2	['在...上開狹長的孔；投放、插入；為...安排時間', '', '']
slump	n	2	['驟降、衰退', '', '']
slump	v	2	['驟降、衰退、重重地坐下', '', '']
snap	j	1	['匆忙的、不加思索的', '', '']
snap	n	1	['突然折斷(或闔上)的聲音、喀嚓聲', '', '']
snap	v	1	['突然折斷；(門等)突然關上；拍快照；突然發作(尤指動怒)', '', '']
snarl	n	2	['齜牙低吼、咆哮；毛髮糾結、混亂', '', '']
snarl	v	2	['齜牙低吼、咆哮；把...纏作一團', '', '']
so	b	0	['如此', '', '']
so	c	0	['所以', '', '']
soil	n	1	['土壤', '', '']
soil	v	1	['弄髒', '', '']
sole	j	2	['唯一的', '', '']
sole	nv	2	['腳底、鞋底；給(鞋)換底', '', '']
sort	n	0	['種類', '', '']
sort	v	0	['分類', '', '']
sound	j	1	['健康的、狀況良好的', '', '']
sound	nv	0	['聲音；聽起來', '', '']
spare	jn	1	['備用的；備用品', '', '']
spare	v	1	['剩下、(尤指在自己困難的情況下)抽出', '', '']
spell	n	1	['咒語', '', '']
spell	v	0	['拼字', '', '']
spike	n	2	['尖刺、釘鞋；(通常指在下跌前)非常高的數量', '', '']
spike	v	2	['用尖物刺入；上升至非常高的數量', '', '']
spin	n	1	['旋轉', '', '']
spin	v	1	['旋轉；紡紗；(蠶、蜘蛛等)吐(絲)、結(網)', '', '']
spot	n	1	['斑點、地點', '', '']
spot	v	1	['看出、注意到', '', '']
spring	n	0	['春天、泉水', '', '']
spring	v	2	['跳躍起、反彈、湧出', '', '']
stable	j	1	['穩定的、牢固的', '', '']
stable	n	1	['馬廄', '', '']
stalk	n	2	['葉柄、花梗、莖', '', '']
stalk	v	2	['跟蹤、潛近', '', '']
stall	n	2	['貨攤、馬廄、牛棚', '', '']
stall	v	2	['熄火、拋錨、拖延時間', '', '']
staple	j	2	['基本的、主要的', '', '']
staple	nv	2	['釘書針；用釘書針裝釘', '', '']
state	j	1	['國家的、州的', '', '']
state	n	1	['州、國家；狀態', '', '']
state	v	1	['陳述、說明、宣布', '', '']
static	j	2	['靜止的、靜力的', '', '']
static	n	2	['靜電、靜力學', '', '']
station	n	0	['車站、(提供服務或進行某工作的)站、電視台', '', '']
station	v	2	['駐紮、部署、配置', '', '']
steel	jn	1	['鋼、鋼鐵業；鋼的、鋼鐵業的', '', '']
steel	v	1	['鋼化、給...包上鋼；使堅強、下決心應付', '', '']
steep	j	1	['陡峭的', '', '']
steep	v	2	['浸泡', '', '']
stem	n	1	['莖、梗、樹幹、(工具的)柄', '', '']
stem	v	1	['起源於', '', '']
sterling	j	2	['優秀的', '', '']
sterling	n	2	['英鎊', '', '']
stern	j	2	['嚴厲的、嚴峻的', '', '']
stern	n	2	['船尾', '', '']
stick	n	0	['枝條、木棍、拐杖', '', '']
stick	v	0	['插入、黏貼', '', '']
still	b	0	['仍然、更加', '', '']
still	j	1	['靜止的、不動的', '', '']
still	n	2	['(電影)劇照；(釀酒用的)蒸餾器', '', '']
stock	j	1	['庫存的、現有的；陳腐的、平凡的', '', '']
stock	n	1	['貯存、存貨；股票', '', '']
stock	v	1	['貯存、庫存', '', '']
store	n	0	['商店', '', '']
store	v	0	['貯藏', '', '']
streak	n	2	['條紋；(負面)性格', '', '']
streak	v	2	['使佈滿條紋；飛奔', '', '']
stress	n	0	['壓力', '', '']
stress	v	0	['強調、著重', '', '']
strip	n	1	['條、帶', '', '']
strip	v	1	['剝去、脫光衣服', '', '']
stuff	n	1	['物品、東西、材料', '', '']
stuff	v	1	['裝、填、塞、把...裝滿、塞進', '', '']
stumble	n	2	['絆倒、失足；錯誤', '', '']
stumble	v	2	['摔倒；犯錯；結巴地說；偶然遇到', '', '']
stump	n	2	['(樹倒或被砍後遺留下的)殘幹、殘肢、(鉛筆)頭、(菸)蒂', '', '']
stump	v	2	['砍去...的樹幹；笨重地行走；遊說', '', '']
stunt	n	2	['特技表演、噱頭', '', '']
stunt	v	2	['阻礙發展、遏制', '', '']
sub	n	2	['替補隊員、代理人、會費', '', '']
sub	v	2	['臨時代替他人做...', '', '']
subject	jv	1	['易受...的、隸屬的、取決於；使順從、使遭受', '', '']
subject	n	0	['主題、科目、主詞', '', '']
suit	n	0	['西裝', '', '']
suit	v	0	['適合、相配', '', '']
sure	b	0	['當然', '', '']
sure	j	0	['確定的', '', '']
surge	n	2	['大浪、波濤；(海浪的)洶湧、奔騰', '', '']
surge	v	2	['(數量)激增、(人群)蜂擁而入；(海浪)洶湧、奔騰', '', '']
swallow	n	0	['燕子', '', '']
swallow	nv	1	['吞嚥、吞沒；一口的量', '', '']
swamp	n	2	['沼澤', '', '']
swamp	v	2	['淹沒、應接不暇', '', '']
swarm	n	2	['(昆蟲等的)群、蜂群、一大批', '', '']
swarm	v	2	['蜂擁、成群結隊地移動', '', '']
tackle	n	2	['(美式足球中的)擒抱阻截', '', '']
tackle	v	2	['著手對付(或處理)、與...交涉；(美式足球中)擒抱阻截', '', '']
tap	n	1	['輕叩；(水)龍頭', '', '']
tap	v	1	['輕拍、輕敲', '', '']
tear	n	0	['眼淚', '', '']
tear	v	0	['撕破', '', '']
temper	n	1	['脾氣、怒氣', '', '']
temper	v	1	['使緩和', '', '']
term	n	0	['詞語、期間', '', '']
term	v	0	['稱為', '', '']
that	b	0	['那麼、那樣', '', '']
that	c	0	['引導子句', '', '']
that	jr	0	['那個；那', '', '']
this	b	0	['這麼、這樣', '', '']
this	jr	0	['這個；這', '', '']
thrust	n	2	['猛推、驅動力；(論據)要點、目標', '', '']
thrust	v	2	['猛推、刺、塞', '', '']
tick	n	2	['滴答聲；勾號', '', '']
tick	v	2	['發出滴答聲；打勾', '', '']
tie	n	0	['領帶、平手', '', '']
tie	v	0	['捆、繫', '', '']
tip	n	0	['小費；提示；頂端', '', '']
tip	v	0	['給小費', '', '']
tire	n	1	['輪胎', '= tyre (British English)', '']
tire	v	1	['使疲勞', '', '']
toast	n	0	['吐司；敬酒', '', '']
toast	v	0	['烤吐司、烤；乾杯', '', '']
toll	n	2	['通行費；傷亡人數；鳴(喪)鐘', '', '']
toll	v	2	['向...徵收捐稅(或通行費等)', '', '']
train	n	0	['火車', '', '']
train	v	0	['訓練', '', '']
tramp	n	2	['沉重的腳步聲；流浪漢', '', '']
tramp	v	2	['重步行走', '', '']
trim	j	2	['苗條的、整齊的', '', '']
trim	nv	2	['修剪、削減', '', '']
turn	n	0	['一次機會', '', '']
turn	v	0	['轉(彎)', '', '']
twig	n	1	['細枝', '', '']
twig	v	2	['明白、領悟', '', '']
type	n	0	['類型', '', '']
type	v	0	['打字', '', '']
up	bjp	0	['向上；在…上面；向上的', '', '']
up	v	2	['增加、起身離開', '', '']
used	j	0	['二手的、習慣的', '', '']
used	v	0	['過去慣常', '', '']
utility	j	2	['多用途的、多功能的', '', '']
utility	n	2	['效用、公共事業(水、電、瓦斯等)', '', '']
utter	j	2	['十足的', '', '']
utter	v	2	['出聲', '', '']
veil	n	2	['面紗；掩蓋', '', '']
veil	v	2	['戴面紗；遮掩、掩飾', '', '']
verge	n	2	['邊緣；路肩', '', '']
verge	v	2	['瀕臨', '', '']
very	b	0	['非常、很', '', '']
very	j	0	['(加強語氣)正是、完全的', '', '']
vintage	j	2	['(尤指過去某個時期)最典型的、優質的', '', '']
vintage	n	2	['(特定年分或地方)釀造的酒、釀造年分', '', '']
void	j	2	['缺乏...的；無效的、不合法的', '', '']
void	n	2	['空虛感', '', '']
void	v	2	['使空出；使無效、作廢', '', '']
wage	n	1	['工資', '', '']
wage	v	1	['發動、進行', '', '']
watch	n	0	['錶', '', '']
watch	v	0	['看、注意', '', '']
wave	n	0	['(海)浪', '', '']
wave	v	0	['揮、招(手)', '', '']
way	b	1	['(加強語氣)太', '', '']
way	n	0	['道路、路程；方法', '', '']
wee	j	2	['極小的、微量的', '', '']
wee	nv	2	['撒尿；尿液', '', '']
welcome	j	0	['受歡迎的', '', '']
welcome	nv	0	['歡迎、迎接、接待', '', '']
well	bj	0	['很好地；健康的', '', '']
well	n	1	['井', '', '']
while	c	0	['當...時候、然而', '', '']
while	n	0	['一會兒、一段時間', '', '']
will	n	1	['意志、心願、遺囑', '', '']
will	x	0	['將(要)、能、願意', '', '']
wrench	n	2	['(離別的)痛苦', '', '']
wrench	v	2	['猛拉、猛扭', '', '']
yarn	n	2	['紗線；編造的故事、奇談', '', '']
yarn	v	2	['編造故事、長談', '', '']
yen	n	2	['日元', '', '']
yen	v	2	['渴望', '', '']
yield	n	2	['產量、利潤', '', '']
yield	v	2	['服從、屈服；出產、產生(效果、收益)', '', '']
yoke	n	2	['軛、枷鎖', '', '']
yoke	v	2	['使結合', '', '']
