analyze	verb	[1, 38, 3]	分析; = analyse (British English); |analyze
analyzer	noun	[1, 38, 1]	|analyze
analysis	noun	[1, 38, 3]	分析; ; |analyze
analyst	noun	[1, 38, 3]	分析者、化驗員; ; |analyze
analytic	adj	[1, 38, 1]	|analyze
analytical	adj	[2, 38, 3]	分析的; = analytic; |analyze
analytically	adv	[1, 38, 1]	|analyze
approach	noun verb	[1, 38, 3]	接近；接洽；著手處理; ; 方式、方法; ; |approach
approachable	adj	[1, 38, 1]	|approach
unapproachable	adj	[1, 38, 1]	|approach
area	noun	[0, 38, 3]	地區、範圍、面積; ; |area
assess	verb	[2, 38, 3]	評價、估算; ; |assess
assessable	adj	[1, 38, 1]	|assess
assessment	noun	[2, 38, 3]	評價、評定; ; |assess
reassess	verb	[1, 38, 1]	|assess
reassessment	noun	[1, 38, 1]	|assess
unassessed	adj	[1, 38, 1]	|assess
assume	verb	[0, 38, 3]	假定為、假設; ; |assume
assumed	adj	[1, 38, 1]	|assume
assuming	adj	[1, 38, 1]	|assume
assumption	noun	[2, 38, 3]	假設; ; |assume
authority	noun	[1, 38, 3]	權力、職權；官方、當權者; ; |authority
authoritative	adj	[2, 38, 3]	具權威的、專斷的; ; |authority
authorities	noun	[1, 38, 1]	|authority
available	adj	[0, 38, 3]	有空的、可獲得的; ; |available
availability	noun	[1, 38, 1]	|available
unavailable	adj	[1, 38, 1]	|available
benefit	noun adj	[1, 38, 3]	利益、好處；對...有幫助、使受惠; ; |benefit
beneficial	adj	[1, 38, 3]	有利的、有助的; ; |benefit
beneficiary	noun	[1, 38, 1]	|benefit
concept	noun	[1, 38, 3]	概念; ; |concept
conception	noun	[2, 38, 3]	構想、概念、理解；懷孕、受孕; ; |concept
conceptual	adj	[1, 38, 1]	|concept
conceptualization	noun	[1, 38, 1]	|concept
conceptualize	verb	[1, 38, 1]	|concept
conceptually	adv	[1, 38, 1]	|concept
consist	verb	[1, 38, 3]	在於、由…組成; ; |consist
consistency	noun	[1, 38, 1]	|consist
consistent	adj	[1, 38, 3]	持續的、始終如一的；一致的、吻合的; ; |consist
consistently	adv	[1, 38, 1]	|consist
inconsistency	noun	[1, 38, 1]	|consist
inconsistent	adj	[1, 38, 1]	|consist
constitute	verb	[1, 38, 3]	組成、構成；被視為；(合法或正式地)設立、成立; ; |constitute
constituency	verb	[2, 38, 3]	選區、選區選民、支持者; ; |constitute
constituent	noun	[2, 38, 3]	構成的; ; 成分、要素；選民; ; |constitute
constitution	noun	[1, 38, 3]	結構、構造；憲法、章程；體質、體格; ; |constitute
constitutional	adj	[2, 38, 3]	符合憲法的、憲法准許的；體質的; ; |constitute
constitutionally	adv	[1, 38, 1]	|constitute
constitutive	adj	[1, 38, 1]	|constitute
unconstitutional	adj	[1, 38, 1]	|constitute
context	noun	[1, 38, 3]	語境、上下文、(事情發生的)背景; ; |context
contextual	adj	[1, 38, 1]	|context
contextualize	verb	[1, 38, 1]	|context
uncontextualized	adj	[1, 38, 1]	|context
contract	noun verb	[0, 38, 3]	合約；訂約; ; |contract
contractor	noun	[2, 38, 3]	承包商; ; |contract
create	verb	[0, 38, 3]	創造; ; |create
creation	noun	[1, 38, 3]	創造、創作; ; |create
creative	adj	[1, 38, 3]	有創意的; ; |create
creatively	adv	[1, 38, 1]	|create
creativity	noun	[2, 38, 3]	創造力; ; |create
creator	noun	[1, 38, 3]	創造者、發明者; ; |create
recreate	verb	[1, 38, 1]	|create
data	noun	[0, 38, 3]	資料; datum (singular form); |data
define	verb	[1, 38, 3]	下定義、規定; ; |define
definable	adj	[1, 38, 1]	|define
definition	noun	[1, 38, 3]	定義; ; |define
redefine	verb	[1, 38, 1]	|define
undefined	adj	[1, 38, 1]	|define
derive	verb	[2, 38, 3]	來自、衍生、獲得; ; |derive
derivation	noun	[1, 38, 1]	|derive
derivative	adj	[1, 38, 1]	|derive
derived	adj	[1, 38, 1]	|derive
distribute	verb	[1, 38, 3]	分配、發送; ; |distribute
distributed	adj	[2, 38, 3]	[電腦]分散式的、分布的; ; |distribute
distribution	noun	[1, 38, 3]	分配、發送; ; |distribute
distributional	adj	[1, 38, 1]	|distribute
distributive	adj	[1, 38, 1]	|distribute
distributor	noun	[2, 38, 3]	經銷商; ; |distribute
redistribute	verb	[1, 38, 1]	|distribute
redistribution	noun	[1, 38, 1]	|distribute
economy	noun	[1, 38, 3]	經濟; ; |economy
economic	adj	[1, 38, 3]	經濟的; ; |economy
economical	adj	[1, 38, 3]	經濟實惠的、節約的; ; |economy
economically	adv	[1, 38, 1]	|economy
economist	noun	[1, 38, 3]	經濟學家; ; |economy
uneconomical	adj	[1, 38, 1]	|economy
environment	noun	[0, 38, 3]	環境; ; |environment
environmental	adj	[1, 38, 3]	環境的; ; |environment
environmentalist	noun	[2, 38, 3]	環保主義者、環保人士; ; |environment
environmentally	adv	[1, 38, 1]	|environment
establish	verb	[1, 38, 3]	建立; ; |establish
disestablish	verb	[1, 38, 1]	|establish
disestablishment	noun	[1, 38, 1]	|establish
established	adj	[2, 38, 3]	已確立的、著名的; ; |establish
establishment	noun	[2, 38, 3]	建立、機構; ; |establish
estimate	verb	[1, 38, 3]	估計、估算; ; |estimate
estimation	noun	[1, 38, 1]	|estimate
over-estimate	verb	[1, 38, 1]	|estimate
overestimate	verb	[1, 38, 1]	|estimate
underestimate	verb	[2, 38, 3]	低估、輕視; ; |estimate
evident	adj	[1, 38, 3]	顯而易見的; ; |evident
evidence	noun verb	[1, 38, 3]	證據；作為證據、證明; ; |evident
evidenced	adj	[1, 38, 1]	|evident
evidential	adj	[1, 38, 1]	|evident
evidently	adv	[1, 38, 1]	|evident
export	verb noun	[0, 38, 3]	出口、輸出; ; |export
exporter	noun	[1, 38, 1]	|export
factor	noun verb	[1, 38, 3]	因素; ; |factor
finance	noun verb	[1, 38, 3]	金融、財政；(提供)資金; ; |finance
financial	adj	[1, 38, 3]	財務的、金融的; ; |finance
financially	adv	[1, 38, 1]	|finance
financier	noun	[1, 38, 1]	|finance
financing	noun	[1, 38, 1]	|finance
formula	noun	[1, 38, 3]	公式、方程式; ; |formula
formulae	noun	[1, 38, 1]	|formula
formulate	verb	[2, 38, 3]	制訂、構想、闡明; ; |formula
formulation	noun	[1, 38, 1]	|formula
reformulate	verb	[1, 38, 1]	|formula
reformulation	noun	[1, 38, 1]	|formula
function	verb noun	[0, 38, 3]	功用；發揮功用; ; |function
functional	adj	[1, 38, 3]	實用的、功能的; ; |function
functionally	adv	[1, 38, 1]	|function
functioning	adj	[1, 38, 1]	|function
identify	verb	[1, 38, 3]	確認、認出; ; |identify
identifiable	adj	[1, 38, 1]	|identify
identification	noun	[1, 38, 3]	身分證明、辨認; ; |identify
identifying	adj	[1, 38, 1]	|identify
identity	noun	[1, 38, 3]	身分; ; |identify
unidentifiable	adj	[1, 38, 1]	|identify
income	noun	[0, 38, 3]	收入; ; |income
indicate	verb	[0, 38, 3]	指示; ; |indicate
indication	noun	[1, 38, 3]	指示、跡象; ; |indicate
indicative	adj	[2, 38, 3]	標示的、表明的；陳述語氣; ; |indicate
indicator	noun	[2, 38, 3]	指示物、指標; ; |indicate
individual	adj	[0, 38, 3]	個人的；個體; ; |individual
individualism	noun	[1, 38, 1]	|individual
individualist	adj noun	[1, 38, 1]	|individual
individualistic	adj	[1, 38, 1]	|individual
individuality	noun	[1, 38, 1]	|individual
individually	adv	[1, 38, 1]	|individual
interpret	verb	[1, 38, 3]	詮釋、理解為; ; |interpret
interpretation	noun	[1, 38, 3]	詮釋、理解; ; |interpret
interpretative	adj	[1, 38, 1]	|interpret
interpretive	adj	[1, 38, 1]	|interpret
misinterpret	verb	[1, 38, 1]	|interpret
misinterpretation	noun	[1, 38, 1]	|interpret
reinterpret	verb	[1, 38, 1]	|interpret
reinterpretation	noun	[1, 38, 1]	|interpret
involve	verb	[1, 38, 3]	牽涉、包含、參加; ; |involve
involved	adj	[1, 38, 1]	|involve
involvement	noun	[2, 38, 3]	參與、捲入; ; |involve
uninvolved	adj	[1, 38, 1]	|involve
issue	noun verb	[1, 38, 3]	發行; ; 議題、問題; ; |issue
labor	noun verb	[1, 38, 3]	勞動、勞工；努力做; = labour (British English); |labour
labored	adj	[1, 38, 1]	|labour
legal	adj	[0, 38, 3]	合法的; ; |legal
illegal	adj	[1, 38, 1]	|legal
illegality	noun	[1, 38, 1]	|legal
illegally	adv	[1, 38, 1]	|legal
legality	noun	[1, 38, 1]	|legal
legally	adv	[1, 38, 1]	|legal
legislate	verb	[1, 38, 1]	|legislate
legislation	noun	[2, 38, 3]	法規、法律; ; |legislate
legislative	adj	[2, 38, 3]	立法的、制定法律的; ; |legislate
legislator	adj	[2, 38, 3]	立法者、立法委員; ; |legislate
legislature	noun	[2, 38, 3]	立法機關; ; |legislate
major	adj noun verb	[0, 38, 3]	主修科目、主修生；主修; ; 主要的; ; |major
majority	noun	[1, 38, 3]	大多數; ; |major
method	noun	[0, 38, 3]	方法; ; |method
methodical	adj	[1, 38, 1]	|method
methodological	adj	[1, 38, 1]	|method
methodology	noun	[1, 38, 1]	|method
occur	verb	[0, 38, 3]	發生; ; |occur
occurrence	noun	[2, 38, 3]	發生的事、事件; ; |occur
reoccur	verb	[1, 38, 1]	|occur
percent	noun	[1, 38, 3]	百分比、百分之一; = per cent; |percent
percentage	noun	[1, 38, 3]	百分率; ; |percent
period	noun	[0, 38, 3]	期間、時期; ; |period
periodic	adj	[2, 38, 3]	間發性的、定期的、週期的; ; |period
periodical	noun adj	[2, 38, 3]	週期性的; ; (學術)期刊; ; |period
periodically	adv	[1, 38, 1]	|period
policy	noun	[0, 38, 3]	政策; ; |policy
principle	adj noun	[0, 38, 3]	原則; ; |principle
principled	adj	[1, 38, 1]	|principle
unprincipled	adj	[1, 38, 1]	|principle
proceed	verb	[1, 38, 3]	繼續進行、前進; ; |proceed
procedural	adj	[1, 38, 1]	|proceed
procedure	noun	[1, 38, 3]	程序、步驟; ; |proceed
proceedings	noun	[1, 38, 1]	|proceed
process	noun verb	[1, 38, 3]	過程；處理、加工; ; |process
require	verb	[0, 38, 3]	要求; ; |require
requirement	noun	[1, 38, 3]	需要、要求; ; |require
research	noun verb	[1, 38, 3]	研究、調查; ; |research
researcher	noun	[1, 38, 3]	研究人員; ; |research
respond	verb	[1, 38, 3]	回應、回答; ; |respond
respondent	noun	[1, 38, 1]	|respond
response	noun	[1, 38, 3]	回應、答覆; ; |respond
responsive	adj	[1, 38, 1]	|respond
responsiveness	noun	[1, 38, 1]	|respond
unresponsive	adj	[1, 38, 1]	|respond
role	noun	[0, 38, 3]	角色; ; |role
section	noun verb	[0, 38, 3]	區、段; ; |section
sector	noun	[1, 38, 3]	部門、分區; ; |sector
significant	adj	[1, 38, 3]	顯著的、有重大意義的; ; |significant
insignificant	adj	[1, 38, 1]	|significant
insignificantly	adv	[1, 38, 1]	|significant
significance	noun	[1, 38, 3]	重要性、意義; ; |significant
significantly	adv	[1, 38, 1]	|significant
signify	verb	[2, 38, 3]	意味著、表示; ; |significant
similar	adj	[0, 38, 3]	類似的; ; |similar
dissimilar	adj	[1, 38, 1]	|similar
similarity	noun	[1, 38, 3]	相似(處); ; |similar
similarly	adv	[1, 38, 1]	|similar
source	noun verb	[0, 38, 3]	來源; ; |source
specific	adj	[1, 38, 3]	特定的、明確的; ; |specific
specifically	adv	[1, 38, 1]	|specific
specification	noun	[2, 38, 3]	規格、規範; ; |specific
specificity	noun	[1, 38, 1]	|specific
specifics	noun	[1, 38, 1]	|specific
structure	noun verb	[1, 38, 3]	結構、建築物；構成、組織; ; |structure
restructure	verb	[2, 38, 3]	調整結構、改組; ; |structure
restructuring	noun	[1, 38, 1]	|structure
structural	adj	[2, 38, 3]	結構上的; ; |structure
structurally	adv	[1, 38, 1]	|structure
unstructured	adj	[1, 38, 1]	|structure
theory	noun	[1, 38, 3]	學說、理論、看法; ; |theory
theoretical	adj	[2, 38, 3]	理論上的; ; |theory
theoretically	adv	[1, 38, 1]	|theory
theorist	noun	[1, 38, 1]	|theory
vary	verb	[1, 38, 3]	不同、相異; ; |vary
invariable	adj	[2, 38, 3]	始終如一的、永無變化的; ; |vary
invariably	adv	[1, 38, 1]	|vary
variability	noun	[1, 38, 1]	|vary
variable	adj	[2, 38, 3]	多變的；可變因素、變數; ; |vary
variably	adv	[1, 38, 1]	|vary
variance	noun	[1, 38, 1]	|vary
variant	noun	[1, 38, 1]	|vary
variation	noun	[2, 38, 3]	變異、變更; ; |vary
varied	adj	[2, 38, 3]	各種各樣的、多變的; ; |vary
achieve	verb	[0, 39, 3]	達到、完成、實現; ; |achieve
achievable	adj	[1, 39, 1]	|achieve
achievement	noun	[1, 39, 3]	成就、成績; ; |achieve
acquire	verb	[1, 39, 3]	獲得、購得; ; |acquire
acquisition	noun	[2, 39, 3]	獲得、獲得物; ; |acquire
administrate	verb	[1, 39, 1]	|administrate
administration	noun	[1, 39, 3]	管理(部門)、行政(部門)；施行、施用; ; |administrate
administrative	adj	[2, 39, 3]	管理的、行政的; ; |administrate
administratively	adv	[1, 39, 1]	|administrate
administrator	noun	[2, 39, 3]	管理人員、行政人員; ; |administrate
affect	verb noun	[0, 39, 3]	影響、(疾病)感染; ; |affect
affected	adj	[1, 39, 1]	|affect
affecting	adj	[1, 39, 1]	|affect
affective	adj	[1, 39, 1]	|affect
affectively	adv	[1, 39, 1]	|affect
unaffected	adj	[1, 39, 1]	|affect
appropriate	adj	[1, 39, 3]	合適、恰當的; ; |appropriate
appropriacy	noun	[1, 39, 1]	|appropriate
appropriately	adv	[1, 39, 1]	|appropriate
appropriateness	noun	[1, 39, 1]	|appropriate
inappropriacy	noun	[1, 39, 1]	|appropriate
inappropriate	adj	[1, 39, 1]	|appropriate
inappropriately	adv	[1, 39, 1]	|appropriate
aspect	noun	[1, 39, 3]	方面、層面; ; |aspect
assist	verb	[1, 39, 3]	協助、援助; ; |assist
assistance	noun	[1, 39, 3]	幫忙、援助; ; |assist
assistant	noun	[0, 39, 3]	助手、助理；(常用於頭銜)助理的、副的; ; |assist
assisted	adj	[1, 39, 1]	|assist
unassisted	adj	[1, 39, 1]	|assist
category	noun	[2, 39, 3]	種類、類別; ; |category
categorization	noun	[1, 39, 1]	|category
categorize	verb	[1, 39, 1]	|category
chapter	noun	[0, 39, 3]	章節; ; |chapter
commission	noun verb	[1, 39, 3]	佣金、手續費; ; 委任、委員會；委託; ; |commission
commissioner	noun	[2, 39, 3]	委員、專員、(政府部門的)首長或長官; ; |commission
community	noun	[1, 39, 3]	社區、團體; ; |community
complex	adj noun	[2, 39, 3]	(尤指過去的不快經驗造成的)情結; ; 複雜的、難懂的；複合物、建築群、綜合大樓; ; |complex
complexity	noun	[2, 39, 3]	複雜性、難懂; ; |complex
compute	verb	[1, 39, 3]	計算; ; |compute
computable	adj	[1, 39, 1]	|compute
computation	noun	[1, 39, 1]	|compute
computational	adj	[1, 39, 1]	|compute
computer	noun	[0, 39, 3]	電腦; ; |compute
computing	noun	[2, 39, 3]	電腦操作、電腦學; ; |compute
conclude	verb	[1, 39, 3]	作出結論、斷定、結束; ; |conclude
concluding	adj	[1, 39, 1]	|conclude
conclusion	noun	[1, 39, 3]	結論、結尾; ; |conclude
conclusive	adj	[1, 39, 1]	|conclude
conclusively	adv	[1, 39, 1]	|conclude
inconclusive	adj	[1, 39, 1]	|conclude
inconclusively	adv	[1, 39, 1]	|conclude
conduct	noun verb	[1, 39, 3]	行為、舉止; ; 執行、引導、指揮(合唱團或樂隊)；表現、舉止; ; |conduct
consequent	adj	[1, 39, 3]	隨之發生的; ; |consequent
consequence	noun	[1, 39, 3]	結果、後果; ; |consequent
consequently	adv	[1, 39, 1]	|consequent
construct	verb noun	[1, 39, 3]	建造、組成；概念、構想; ; |construct
construction	noun	[1, 39, 3]	建造、結構、建築物; ; |construct
constructive	adj	[1, 39, 3]	建設性的、有助益的; ; |construct
reconstruct	verb	[1, 39, 1]	|construct
reconstruction	noun	[2, 39, 3]	修復、(尤指戰後的)重建; ; |construct
consume	verb	[1, 39, 3]	消耗、花費；(大量地)吃、喝; ; |consume
consumer	noun	[1, 39, 3]	消費者、用戶; ; |consume
consumption	noun	[2, 39, 3]	消耗(量)、消費; ; |consume
credit	verb noun	[1, 39, 3]	把錢存進帳戶；歸功於; ; 讚許；(經濟上的)信用、賒帳、信用貸款；學分; ; |credit
creditor	noun	[2, 39, 3]	債權人、貸方; ; |credit
culture	noun	[0, 39, 3]	文化; ; |culture
cultural	adj	[1, 39, 3]	文化的; ; |culture
culturally	adv	[1, 39, 1]	|culture
cultured	adj	[1, 39, 1]	|culture
uncultured	adj	[1, 39, 1]	|culture
design	noun verb	[0, 39, 3]	設計; ; |design
designer	noun	[1, 39, 3]	設計師; ; |design
distinct	adj	[1, 39, 3]	不同的、明顯的; ; |distinct
distinction	noun	[1, 39, 3]	差別；優秀; ; |distinct
distinctive	adj	[2, 39, 3]	有特色的; ; |distinct
distinctively	adv	[1, 39, 1]	|distinct
distinctly	adv	[1, 39, 1]	|distinct
indistinct	adj	[1, 39, 1]	|distinct
indistinctly	adv	[1, 39, 1]	|distinct
element	noun	[0, 39, 3]	元素、要素; ; |element
equate	verb	[2, 39, 3]	等於、使相等; ; |equate
equation	noun	[2, 39, 3]	方程式、平衡; ; |equate
evaluate	verb	[1, 39, 3]	評估、評價; ; |evaluate
evaluation	noun	[2, 39, 3]	評估、評價; ; |evaluate
evaluative	adj	[1, 39, 1]	|evaluate
re-evaluate	noun	[1, 39, 1]	|evaluate
re-evaluation	noun	[1, 39, 1]	|evaluate
feature	noun verb	[1, 39, 3]	特色；以…為特色; ; |feature
final	adj noun	[0, 39, 3]	期末考; ; 最後的; ; |final
finalize	verb	[1, 39, 1]	|final
finality	noun	[1, 39, 1]	|final
finally	adv	[1, 39, 1]	|final
finals	noun	[1, 39, 1]	|final
focus	noun verb	[0, 39, 3]	焦點；聚焦; ; |focus
refocus	verb noun	[1, 39, 1]	|focus
impact	noun verb	[1, 39, 3]	衝擊；對…產生影響; ; |impact
injure	verb	[1, 39, 3]	受傷、傷害; ; |injure
injury	noun	[0, 39, 3]	傷害; ; |injure
uninjured	adj	[1, 39, 1]	|injure
institute	noun verb	[1, 39, 3]	學院、協會; ; |institute
institution	noun	[1, 39, 3]	機構、制度; ; |institute
institutional	adj	[2, 39, 3]	機構的; ; |institute
institutionalize	verb	[1, 39, 1]	|institute
institutionally	adv	[1, 39, 1]	|institute
invest	verb	[1, 39, 3]	投資、投入時間; ; |invest
invested	adj	[1, 39, 1]	|invest
investment	noun	[1, 39, 3]	投資、投入; ; |invest
investor	noun	[1, 39, 3]	投資者; ; |invest
reinvest	verb	[1, 39, 1]	|invest
reinvestment	noun	[1, 39, 1]	|invest
item	noun	[0, 39, 3]	項目; ; |item
itemization	noun	[1, 39, 1]	|item
itemize	verb	[1, 39, 1]	|item
journal	noun verb	[1, 39, 3]	報刊雜誌、日記; ; |journal
maintain	verb	[0, 39, 3]	維持; ; |maintain
maintenance	noun	[2, 39, 3]	維護、保養; ; |maintain
normal	adj	[1, 39, 3]	正常的、標準的; ; |normal
abnormal	adj	[1, 39, 3]	不正常的; ; |normal
abnormally	adv	[1, 39, 1]	|normal
normalization	noun	[1, 39, 1]	|normal
normalize	verb	[1, 39, 1]	|normal
normality	noun	[1, 39, 1]	|normal
normally	adv	[1, 39, 1]	|normal
obtain	verb	[1, 39, 3]	獲得; ; |obtain
obtainable	adj	[1, 39, 1]	|obtain
unobtainable	adj	[1, 39, 1]	|obtain
participate	verb	[1, 39, 3]	參與、參加; ; |participate
participant	noun	[1, 39, 3]	參與者、參加者; ; |participate
participation	noun	[2, 39, 3]	參加、參與; ; |participate
participatory	adj	[1, 39, 1]	|participate
perceive	verb	[2, 39, 3]	意識到、注意到; ; |perceive
perception	noun	[2, 39, 3]	感知、洞察力; ; |perceive
positive	adj	[0, 39, 3]	正面的、明確肯定的; ; |positive
positively	adv	[1, 39, 1]	|positive
potential	noun adj	[1, 39, 3]	潛在的、可能的；潛力、可能性; ; |potential
potentially	adv	[1, 39, 1]	|potential
previous	adj	[1, 39, 3]	先前的; ; |previous
previously	adv	[1, 39, 1]	|previous
primary	adj	[1, 39, 3]	首要的、主要的、基本的; ; (美國推舉黨內候選人的)初選; ; 初級的、初等的; ; |primary
primarily	adv	[2, 39, 3]	主要地; ; |primary
purchase	verb noun	[0, 39, 3]	購買; ; |purchase
purchaser	noun	[1, 39, 1]	|purchase
range	noun verb	[0, 39, 3]	範圍、排列; ; 排、行、範圍；山脈; ; |range
region	noun	[0, 39, 3]	地區; ; |region
regional	adj	[1, 39, 3]	地方的、區域的; ; |region
regionally	adv	[1, 39, 1]	|region
regulate	verb	[1, 39, 3]	規範、調節; ; |regulate
deregulate	verb	[1, 39, 1]	|regulate
deregulation	noun	[1, 39, 1]	|regulate
regulation	noun	[1, 39, 3]	規則; ; |regulate
regulator	noun	[2, 39, 3]	監督者、自動調節器; ; |regulate
regulatory	adj	[1, 39, 1]	|regulate
unregulated	adj	[1, 39, 1]	|regulate
relevant	adj	[2, 39, 3]	相關的、有價值的; ; |relevant
irrelevance	noun	[1, 39, 1]	|relevant
irrelevant	adj	[1, 39, 1]	|relevant
relevance	noun	[1, 39, 1]	|relevant
reside	verb	[2, 39, 3]	居住在、存在於、隸屬於; ; |reside
residence	noun	[1, 39, 3]	居住、住處; ; |reside
resident	noun	[1, 39, 3]	居民、住戶；定居的、常駐的; ; |reside
residential	adj	[2, 39, 3]	住宅的、提供住宿的; ; |reside
resource	noun verb	[1, 39, 3]	資源; ; |resource
resourceful	adj	[1, 39, 1]	|resource
under-resourced	adj	[1, 39, 1]	|resource
unresourceful	adj	[1, 39, 1]	|resource
restrict	verb	[1, 39, 3]	限制、束縛; ; |restrict
restriction	noun	[1, 39, 3]	限制; ; |restrict
restrictive	adj	[1, 39, 1]	|restrict
restrictively	adv	[1, 39, 1]	|restrict
unrestricted	adj	[1, 39, 1]	|restrict
unrestrictive	adj	[1, 39, 1]	|restrict
secure	adj verb	[1, 39, 3]	保護、使安全；安心的、安全的; ; |secure
insecure	adj	[2, 39, 3]	缺乏信心的、不安全的; ; |secure
insecurity	noun	[1, 39, 1]	|secure
securely	adv	[1, 39, 1]	|secure
security	noun	[1, 39, 3]	安全(工作); ; |secure
seek	noun	[0, 39, 3]	尋找; ; |seek
select	adj verb	[0, 39, 3]	挑選; ; |select
selection	noun	[1, 39, 3]	挑選; ; |select
selective	adj	[2, 39, 3]	有選擇的、仔細挑選的; ; |select
selectively	adv	[1, 39, 1]	|select
selector	noun	[1, 39, 1]	|select
site	noun verb	[1, 39, 3]	位址、網站; ; |site
strategy	noun	[1, 39, 3]	策略、戰略; ; |strategy
strategic	adj	[2, 39, 3]	戰略性的; ; |strategy
strategically	adv	[1, 39, 1]	|strategy
strategist	noun	[1, 39, 1]	|strategy
survey	noun verb	[1, 39, 3]	(民意)調查；查看、審視; ; |survey
text	noun verb	[1, 39, 3]	正文、文本; ; |text
textual	adj	[2, 39, 3]	文本的; ; |text
tradition	noun	[0, 39, 3]	傳統; ; |tradition
non-traditional	adj	[1, 39, 1]	|tradition
traditional	adj	[0, 39, 3]	傳統的; ; |tradition
traditionalist	noun	[1, 39, 1]	|tradition
traditionally	adv	[1, 39, 1]	|tradition
transfer	verb noun	[1, 39, 3]	調動、搬遷; ; |transfer
transferable	adj	[1, 39, 1]	|transfer
transference	noun	[1, 39, 1]	|transfer
alternative	adj noun	[1, 40, 3]	可替代的、可供選擇的；非傳統的、另類的; ; 可供選擇的事物; ; |alternative
alternatively	adv	[1, 40, 1]	|alternative
circumstance	noun	[1, 40, 3]	條件、狀況、環境; ; |circumstance
comment	verb noun	[0, 40, 3]	評論; ; |comment
commentary	noun	[2, 40, 3]	評論、註釋、實況報導; ; |comment
commentator	noun	[2, 40, 3]	評論員、實況播音員; ; |comment
compensate	verb	[2, 40, 3]	賠償、彌補; ; |compensate
compensation	noun	[2, 40, 3]	補償、補償物、賠償金; ; |compensate
compensatory	adj	[1, 40, 1]	|compensate
component	noun	[2, 40, 3]	構成要素、成分、零件；組成的、構成的; ; |component
componentry	noun	[1, 40, 1]	|component
consent	noun verb	[2, 40, 3]	同意、贊成; ; |consent
consensus	noun	[2, 40, 3]	共識; ; |consent
considerable	adj	[1, 40, 3]	相當大的、相當多的、可觀的; ; |considerable
considerably	adv	[1, 40, 1]	|considerable
constant	noun adj	[1, 40, 3]	連續不斷的、固定的; ; |constant
constancy	noun	[1, 40, 1]	|constant
constantly	adv	[1, 40, 1]	|constant
inconstancy	noun	[1, 40, 1]	|constant
inconstantly	adv	[1, 40, 1]	|constant
constrain	verb	[2, 40, 3]	強迫、限制; ; |constrain
constraint	noun	[2, 40, 3]	限制、約束; ; |constrain
unconstrained	adj	[1, 40, 1]	|constrain
contribute	verb	[1, 40, 3]	貢獻、捐款；投稿、撰稿; ; |contribute
contribution	noun	[1, 40, 3]	貢獻、捐款、捐助；投稿; ; |contribute
contributor	noun	[2, 40, 3]	捐贈者、貢獻者；投稿人; ; |contribute
convene	verb	[2, 40, 3]	召開、開會; ; |convene
convention	noun	[1, 40, 3]	傳統、習俗、常規；大會、會議；公約、協定; ; |convene
conventional	adj	[1, 40, 3]	遵循常規的、傳統的; ; |convene
conventionally	adv	[1, 40, 1]	|convene
unconventional	adj	[1, 40, 1]	|convene
coordinate	noun verb	[2, 40, 3]	座標; ; 同一類別的、同等重要的; ; 協調、相配; ; |coordinate
co-ordinate	noun verb	[1, 40, 1]	|coordinate
co-ordinated	adj	[1, 40, 1]	|coordinate
co-ordination	noun	[1, 40, 1]	|coordinate
co-ordinator	noun	[1, 40, 1]	|coordinate
coordination	noun	[1, 40, 1]	|coordinate
coordinator	noun	[1, 40, 1]	|coordinate
core	noun verb	[2, 40, 3]	果核、核心；去核; ; |core
corporate	adj	[2, 40, 3]	公司的、法人的; ; |corporate
corporation	noun	[1, 40, 3]	(大)公司; = Corp.; |corporate
correspond	verb	[1, 40, 3]	一致、符合；通信; ; |correspond
correspondence	noun	[2, 40, 3]	關聯；通信、信件; ; |correspond
corresponding	adj	[1, 40, 1]	|correspond
correspondingly	adv	[1, 40, 1]	|correspond
criterion	noun	[2, 40, 3]	標準、準則; ; |criteria
deduce	verb	[2, 40, 3]	推論、演繹; ; |deduce
deduction	noun	[2, 40, 3]	演繹、扣除(額); ; |deduce
demonstrate	verb	[1, 40, 3]	證明、示範；遊行示威; ; |demonstrate
demonstrable	adj	[1, 40, 1]	|demonstrate
demonstrably	adv	[1, 40, 1]	|demonstrate
demonstration	noun	[1, 40, 3]	證明、示範；遊行示威; ; |demonstrate
demonstrative	adj	[1, 40, 1]	|demonstrate
demonstratively	adv	[1, 40, 1]	|demonstrate
demonstrator	noun	[2, 40, 3]	示威者；示範者; ; |demonstrate
document	noun verb	[0, 40, 3]	文件; ; |document
documentation	noun	[1, 40, 1]	|document
dominate	verb	[1, 40, 3]	支配、統治、佔首要地位; ; |dominate
dominance	noun	[1, 40, 1]	|dominate
dominant	adj	[1, 40, 3]	主要的、佔優勢的; ; |dominate
domination	noun	[1, 40, 1]	|dominate
emphasis	noun	[1, 40, 3]	強調、重點; ; |emphasis
emphasize	verb	[0, 40, 3]	強調; = emphasise (British English); |emphasis
emphatic	adj	[2, 40, 3]	強調的、堅決的、明確的; ; |emphasis
emphatically	adv	[1, 40, 1]	|emphasis
ensure	verb	[1, 40, 3]	保證、確保; ; |ensure
exclude	verb	[2, 40, 3]	拒絕在外、排除; ; |exclude
exclusion	noun	[2, 40, 3]	排除(之事物); ; |exclude
exclusionary	adj	[1, 40, 1]	|exclude
exclusionist	noun adj	[1, 40, 1]	|exclude
exclusive	adj noun	[2, 40, 3]	獨家新聞; ; 除外的；專用的、獨有的; ; |exclude
exclusively	adv	[1, 40, 1]	|exclude
framework	noun	[2, 40, 3]	架構、體系; ; |framework
fund	verb noun	[1, 40, 3]	資金、基金；資助; ; |fund
funder	noun	[1, 40, 1]	|fund
funding	noun	[2, 40, 3]	基金、經費; ; |fund
illustrate	verb	[1, 40, 3]	說明、加插圖; ; |illustrate
illustration	noun	[1, 40, 3]	插圖、圖示; ; |illustrate
illustrative	adj	[1, 40, 1]	|illustrate
immigrate	verb	[2, 40, 3]	(從外地)移居; ; |immigrate
immigrant	noun	[1, 40, 3]	移民; ; |immigrate
immigration	noun	[1, 40, 3]	移居(入境); ; |immigrate
imply	verb	[1, 40, 3]	暗指、說明; ; |imply
initial	adj	[1, 40, 3]	首字母；簽署姓名首字母; ; 起初的; ; |initial
initially	adv	[1, 40, 1]	|initial
instance	noun	[0, 40, 3]	例子; ; |instance
interact	verb	[1, 40, 3]	互動; ; |interact
interaction	noun	[2, 40, 3]	交流、互動; ; |interact
interactive	adj	[1, 40, 1]	|interact
interactively	adv	[1, 40, 1]	|interact
justify	verb	[2, 40, 3]	證明是正當的、為…辯護; ; |justify
justifiable	adj	[1, 40, 1]	|justify
justifiably	adv	[1, 40, 1]	|justify
justification	noun	[2, 40, 3]	正當理由、辯護; ; |justify
justified	adj	[2, 40, 3]	有正當理由的; ; |justify
unjustified	adj	[1, 40, 1]	|justify
layer	noun verb	[1, 40, 3]	層; ; |layer
link	noun verb	[0, 40, 3]	連結; ; |link
linkage	noun	[1, 40, 1]	|link
locate	verb	[1, 40, 3]	位於、確定位置; ; |locate
location	noun	[1, 40, 3]	地點、位置; ; |locate
relocate	verb	[1, 40, 1]	|locate
relocation	noun	[1, 40, 1]	|locate
maximize	verb	[1, 40, 1]	|maximize
max	adj	[1, 40, 1]	|maximize
maximization	noun	[1, 40, 1]	|maximize
maximum	noun adj	[0, 40, 3]	最大值（的/地）; ; |maximize
minor	adj noun	[0, 40, 3]	副修; ; 副修、未成年; ; 較小、少的；次要的; ; |minor
minority	noun	[1, 40, 3]	少數; ; |minor
negate	verb	[1, 40, 1]	|negate
negative	adj noun	[0, 40, 3]	負面（的）、否定（的）; ; |negate
negatively	adv	[1, 40, 1]	|negate
outcome	noun	[1, 40, 3]	結果; ; |outcome
partner	noun verb	[0, 40, 3]	夥伴; ; |partner
partnership	noun	[1, 40, 3]	合夥關係; ; |partner
philosophy	noun	[1, 40, 3]	哲學; ; |philosophy
philosopher	noun	[1, 40, 3]	哲學家; ; |philosophy
philosophical	adj	[1, 40, 3]	哲學的; ; |philosophy
philosophically	adv	[1, 40, 1]	|philosophy
philosophize	verb	[1, 40, 1]	|philosophy
physical	adj	[1, 40, 3]	身體的、物質的；體檢; ; |physical
physically	adv	[1, 40, 1]	|physical
proportion	noun	[1, 40, 3]	部分、比例; ; |proportion
disproportion	noun	[1, 40, 1]	|proportion
disproportionate	adj	[1, 40, 1]	|proportion
disproportionately	adv	[1, 40, 1]	|proportion
proportional	adj	[2, 40, 3]	相稱的、成比例的; ; |proportion
proportionally	adv	[1, 40, 1]	|proportion
proportionate	adj	[1, 40, 1]	|proportion
proportionately	adv	[1, 40, 1]	|proportion
publish	verb	[1, 40, 3]	出版、刊載; ; |publish
publisher	noun	[1, 40, 3]	出版商; ; |publish
publishing	noun	[1, 40, 1]	|publish
unpublished	adj	[1, 40, 1]	|publish
react	verb	[1, 40, 3]	反應; ; |react
reaction	noun	[1, 40, 3]	反應; ; |react
reactionary	noun	[1, 40, 1]	|react
reactivate	verb	[1, 40, 1]	|react
reactivation	noun	[1, 40, 1]	|react
reactive	adj	[1, 40, 1]	|react
reactor	noun	[2, 40, 3]	核反應堆、反應器; ; |react
register	noun verb	[1, 40, 3]	註冊；登記(簿); ; |register
deregister	verb	[1, 40, 1]	|register
deregistration	noun	[1, 40, 1]	|register
registration	noun	[1, 40, 3]	註冊、登記; ; |register
rely	verb	[1, 40, 3]	仰賴、信賴; ; |rely
reliability	noun	[2, 40, 3]	可靠程度、可信賴性; ; |rely
reliable	adj	[1, 40, 3]	可信賴的、可靠的; ; |rely
reliably	adv	[1, 40, 1]	|rely
reliance	noun	[2, 40, 3]	依賴、依靠; ; |rely
reliant	adj	[1, 40, 1]	|rely
unreliable	adj	[1, 40, 1]	|rely
remove	verb	[1, 40, 3]	去除、脫去; ; |remove
removable	adj	[1, 40, 1]	|remove
removal	noun	[2, 40, 3]	移除、清除; ; |remove
scheme	noun verb	[1, 40, 3]	體制、陰謀；密謀; ; |scheme
schematic	adj	[1, 40, 1]	|scheme
schematically	adv	[1, 40, 1]	|scheme
scheming	adj	[1, 40, 1]	|scheme
sequence	noun verb	[2, 40, 3]	一系列、次序; ; |sequence
sequential	adj	[1, 40, 1]	|sequence
sequentially	adv	[1, 40, 1]	|sequence
sex	noun	[1, 40, 3]	性別、性; ; |sex
sexism	noun	[1, 40, 1]	|sex
sexual	adj	[1, 40, 3]	性的、性別的; ; |sex
sexuality	noun	[2, 40, 3]	性徵、性慾、性行為; ; |sex
sexually	adv	[1, 40, 1]	|sex
shift	noun verb	[1, 40, 3]	變換、輪班；轉移、變換; ; |shift
shifting	adj	[1, 40, 1]	|shift
specify	verb	[2, 40, 3]	具體說明、明確規定; ; |specify
specifiable	adj	[1, 40, 1]	|specify
unspecified	adj	[1, 40, 1]	|specify
sufficient	adj	[1, 40, 3]	充足的、足夠的; ; |sufficient
insufficient	adj	[1, 40, 1]	|sufficient
insufficiently	adv	[1, 40, 1]	|sufficient
sufficiency	noun	[1, 40, 1]	|sufficient
sufficiently	adv	[1, 40, 1]	|sufficient
task	noun verb	[0, 40, 3]	任務; ; |task
technical	adj	[1, 40, 3]	技術的、專門的; ; |technical
technically	adv	[1, 40, 1]	|technical
technique	noun	[1, 40, 3]	技巧、工藝; ; |technique
technology	noun	[1, 40, 3]	科技; ; |technology
technological	adj	[1, 40, 3]	科技的; ; |technology
technologically	adv	[1, 40, 1]	|technology
valid	adj	[2, 40, 3]	有效的、合理的; ; |valid
invalidate	verb	[1, 40, 1]	|valid
invalidity	noun	[1, 40, 1]	|valid
validate	verb	[1, 40, 1]	|valid
validating	adj	[1, 40, 1]	|valid
validation	noun	[1, 40, 1]	|valid
validity	noun	[2, 40, 3]	有效、合理; ; |valid
validly	adv	[1, 40, 1]	|valid
volume	noun	[0, 40, 3]	音量；冊; = vol.; |volume
access	verb noun	[1, 41, 3]	通道、進入(的權利)；存取、到達、進入; ; |access
accessibility	noun	[1, 41, 1]	|access
accessible	adj	[2, 41, 3]	可到達的、可使用的、易理解的; ; |access
inaccessible	adj	[1, 41, 1]	|access
adequate	adj	[1, 41, 3]	足夠的、合格的; ; |adequate
adequacy	noun	[1, 41, 1]	|adequate
adequately	adv	[1, 41, 1]	|adequate
inadequacy	noun	[1, 41, 1]	|adequate
inadequate	adj	[1, 41, 1]	|adequate
inadequately	adv	[1, 41, 1]	|adequate
annual	adj	[1, 41, 3]	每年的、一年一次的；年報、年刊; ; |annual
annually	adv	[1, 41, 1]	|annual
apparent	adj	[1, 41, 3]	顯然的; ; |apparent
apparently	adv	[1, 41, 1]	|apparent
approximate	adj verb noun	[2, 41, 3]	大約的；接近; ; |approximate
approximately	adv	[1, 41, 1]	|approximate
approximation	noun	[1, 41, 1]	|approximate
attitude	noun	[1, 41, 3]	態度; ; |attitude
attribute	noun verb	[2, 41, 3]	屬性、特徵; ; 歸因於; ; |attribute
attributable	adj	[1, 41, 1]	|attribute
attribution	noun	[1, 41, 1]	|attribute
civil	adj	[1, 41, 3]	平民的、國家的、民事的; ; |civil
code	noun verb	[1, 41, 3]	把...譯成密碼、編碼; ; 密碼、代碼、編碼；法規、行為準則、規範; ; |code
commit	verb	[1, 41, 3]	犯(罪、錯)；承諾、致力於、投入(時間或金錢); ; |commit
commitment	noun	[1, 41, 3]	承諾、保證、奉獻; ; |commit
committed	adj	[1, 41, 1]	|commit
communicate	verb	[1, 41, 3]	交流、溝通; ; |communicate
communicable	adj	[1, 41, 1]	|communicate
communication	noun	[1, 41, 3]	交流、溝通; ; |communicate
communicative	adj	[2, 41, 3]	健談的、溝通的、語言交際能力的; ; |communicate
communicatively	adv	[1, 41, 1]	|communicate
uncommunicative	adj	[1, 41, 1]	|communicate
concentrate	noun verb	[1, 41, 3]	專心、專注、集中(注意力); ; |concentrate
concentration	noun	[1, 41, 3]	專注、重視、集中; ; |concentrate
confer	verb	[2, 41, 3]	商討、協商；授予(獎項、學位、榮譽等); ; |confer
conference	noun	[1, 41, 3]	會議、研討會; ; |confer
contrast	noun verb	[1, 41, 3]	差異、對比；對比、顯出明顯差異; ; |contrast
contrastive	adj	[1, 41, 1]	|contrast
cycle	noun verb	[1, 41, 3]	騎自行車; ; 循環; ; |cycle
cyclic	adj	[1, 41, 1]	|cycle
cyclical	adj	[1, 41, 1]	|cycle
cycling	noun	[1, 41, 1]	|cycle
debate	noun verb	[0, 41, 3]	辯論; ; |debate
debatable	adj	[1, 41, 1]	|debate
despite	prep	[1, 41, 3]	儘管; ; |despite
dimension	noun	[2, 41, 3]	尺寸；方面、面向; ; |dimension
dimensional	adj	[1, 41, 1]	|dimension
multidimensional	adj	[1, 41, 1]	|dimension
domestic	adj	[1, 41, 3]	家庭的；國內的; ; |domestic
domestically	adv	[1, 41, 1]	|domestic
domesticate	verb	[1, 41, 1]	|domestic
domestics	noun	[1, 41, 1]	|domestic
emerge	verb	[1, 41, 3]	浮現、顯露; ; |emerge
emergence	noun	[2, 41, 3]	出現; ; |emerge
emergent	adj	[1, 41, 1]	|emerge
emerging	adj	[1, 41, 1]	|emerge
error	noun	[0, 41, 3]	錯誤; ; |error
erroneous	adj	[2, 41, 3]	錯誤的; ; |error
erroneously	adv	[1, 41, 1]	|error
ethnic	adj	[2, 41, 3]	種族的、民族的; ; |ethnic
ethnicity	noun	[1, 41, 1]	|ethnic
goal	noun	[0, 41, 3]	目標; ; |goal
grant	noun verb	[1, 41, 3]	補助金; ; 准予、同意; ; |grant
hence	adv	[1, 41, 3]	因此; ; |hence
hypothesis	noun	[2, 41, 3]	假設; ; |hypothesis
hypothesize	verb	[1, 41, 1]	|hypothesis
hypothetical	adj	[1, 41, 1]	|hypothesis
hypothetically	adv	[1, 41, 1]	|hypothesis
implement	noun verb	[1, 41, 3]	實施; ; |implement
implementation	noun	[1, 41, 1]	|implement
implicate	verb	[1, 41, 1]	|implicate
implication	noun	[1, 41, 3]	暗指、可能的影響; ; |implicate
impose	verb	[1, 41, 3]	強加、徵(稅); ; |impose
imposition	noun	[1, 41, 1]	|impose
integrate	verb	[2, 41, 3]	合併、融入群體; ; |integrate
integration	noun	[2, 41, 3]	結合、融合; ; |integrate
internal	adj	[1, 41, 3]	內部的、國內的; ; |internal
internalize	verb	[1, 41, 1]	|internal
internally	adv	[1, 41, 1]	|internal
investigate	verb	[0, 41, 3]	調查; ; |investigate
investigation	noun	[2, 41, 3]	調查、研究; ; |investigate
investigative	adj	[1, 41, 1]	|investigate
investigator	noun	[2, 41, 3]	調查員; ; |investigate
job	noun	[0, 41, 3]	工作; ; |job
label	noun verb	[1, 41, 3]	標籤；貼標籤於、歸為; ; |label
mechanism	noun	[2, 41, 3]	機械裝置、結構、機制; ; |mechanism
obvious	adj	[1, 41, 3]	明顯的; ; |obvious
obviously	adv	[1, 41, 1]	|obvious
occupy	verb	[1, 41, 3]	佔用、忙於、佔領; ; |occupy
occupancy	noun	[1, 41, 1]	|occupy
occupant	noun	[1, 41, 1]	|occupy
occupation	noun	[1, 41, 3]	職業、佔領; ; |occupy
occupational	adj	[1, 41, 1]	|occupy
occupier	noun	[1, 41, 1]	|occupy
option	noun	[1, 41, 3]	選擇; ; |option
optional	adj	[2, 41, 3]	可選擇的、選修的; ; |option
output	noun verb	[1, 41, 3]	產量、輸出; ; |output
overall	adj	[1, 41, 3]	工作褲/服; ; 全面的；全部、大致上; ; |overall
parallel	adj noun 	[1, 41, 3]	平行的、同時發生的；相似之處；與…同時發生、與…相似; ; |parallel
unparalleled	adj	[1, 41, 1]	|parallel
parameter	noun	[2, 41, 3]	決定因素、規範; ; |parameter
phase	noun verb	[2, 41, 3]	階段；分階段進行; ; |phase
predict	verb	[1, 41, 3]	預言、預測; ; |predict
predictability	noun	[1, 41, 1]	|predict
predictable	adj	[2, 41, 3]	可預料的、老套乏味的; ; |predict
predictably	adv	[1, 41, 1]	|predict
prediction	noun	[1, 41, 3]	預言、預測; ; |predict
unpredictability	noun	[1, 41, 1]	|predict
unpredictable	adj	[1, 41, 1]	|predict
principal	adj	[0, 41, 3]	校長、首長; ; 最重要的、主要的; ; |principal
principally	adv	[1, 41, 1]	|principal
prior	adj	[2, 41, 3]	先前的；小修道院男院長; ; |prior
professional	adj	[1, 41, 3]	職業的、專業的；專家; ; |professional
professionalism	noun	[1, 41, 1]	|professional
professionally	adv	[1, 41, 1]	|professional
project	noun verb	[0, 41, 3]	方案、計畫、(學生)研究; ; 計畫、估計、投射、展現; ; |project
projection	noun	[2, 41, 3]	預測、投射; ; |project
promote	verb	[1, 41, 3]	促進、推動; ; |promote
promoter	noun	[1, 41, 1]	|promote
promotion	noun	[1, 41, 3]	提升、晉升、促銷活動; ; |promote
regime	noun	[2, 41, 3]	政權、組織方法; ; |regime
resolve	verb	[1, 41, 3]	解決、決心; ; |resolve
resolution	noun	[1, 41, 3]	決心、決議、解決; ; |resolve
unresolved	adj	[1, 41, 1]	|resolve
retain	verb	[1, 41, 3]	保留、留住; ; |retain
retainer	noun	[1, 41, 1]	|retain
retention	noun	[2, 41, 3]	保持、維持、記憶力; ; |retain
retentive	adj	[1, 41, 1]	|retain
series	noun	[1, 41, 3]	系列、連續; ; |series
statistic	noun	[2, 41, 3]	統計數字、統計資料; ; |statistic
statistical	adj	[2, 41, 3]	統計分析的; ; |statistic
statistically	adv	[1, 41, 1]	|statistic
statistician	noun	[2, 41, 3]	統計學家; ; |statistic
statistics	noun	[2, 41, 3]	統計資料、統計學; ; |statistic
status	noun	[1, 41, 3]	地位、狀況; ; |status
stress	noun verb	[0, 41, 3]	壓力; ; 強調、著重; ; |stress
stressful	adj	[1, 41, 1]	|stress
unstressed	adj	[1, 41, 1]	|stress
subsequent	adj	[2, 41, 3]	隨後的、後來的; ; |subsequent
subsequently	adv	[1, 41, 1]	|subsequent
sum	noun verb	[1, 41, 3]	總和；共計、總結; ; |sum
summation	noun	[1, 41, 1]	|sum
summary	noun	[1, 41, 3]	概要、總結; ; |summary
summarization	noun	[1, 41, 1]	|summary
summarize	verb	[1, 41, 3]	摘要; ; |summary
undertake	verb	[1, 41, 3]	承擔、從事; ; |undertake
undertaking	noun	[1, 41, 1]	|undertake
academy	noun	[1, 42, 3]	學院、學會; ; |academy
academia	noun	[1, 42, 1]	|academy
academic	adj noun	[1, 42, 3]	學術的、學業的; ; |academy
academically	adv	[1, 42, 1]	|academy
adjust	verb	[1, 42, 3]	調整；適應；整理(衣著); ; |adjust
adjustment	noun	[2, 42, 3]	調整、適應; ; |adjust
readjust	verb	[1, 42, 1]	|adjust
readjustment	noun	[1, 42, 1]	|adjust
alter	verb	[2, 42, 3]	改變、更動、修改(衣服使其合身); ; |alter
alterable	adj	[1, 42, 1]	|alter
alteration	noun	[1, 42, 1]	|alter
alternate	verb	[2, 42, 3]	輪流(的)、交替(的); ; |alter
unalterable	adj	[1, 42, 1]	|alter
unaltered	adj	[1, 42, 1]	|alter
amend	verb	[2, 42, 3]	修訂、修正(法律文件等); ; |amend
amendment	noun	[2, 42, 3]	修正案、修訂; ; |amend
aware	adj	[0, 42, 3]	意識到、發覺、有...意識的; ; |aware
awareness	noun	[1, 42, 1]	|aware
unaware	adj	[1, 42, 1]	|aware
capacity	noun	[1, 42, 3]	容量；生產能力；(尤指人或組織的)辦事能力; ; |capacity
incapacitate	verb	[1, 42, 1]	|capacity
challenge	noun verb	[1, 42, 3]	挑戰; ; |challenge
challenger	noun	[2, 42, 3]	挑戰者; ; |challenge
challenging	adj	[2, 42, 3]	有挑戰性的、挑起爭論的; ; |challenge
clause	noun	[2, 42, 3]	(語法的)分句、子句；(法律文件的)條款; ; |clause
compound	noun verb adj	[1, 42, 3]	使惡化、使加劇; ; 化合物、複合物、複合詞；複合的；使混合; ; |compound
conflict	noun verb	[0, 42, 3]	衝突; ; |conflict
conflicting	adj	[1, 42, 1]	|conflict
consult	verb	[1, 42, 3]	諮詢、商議; ; |consult
consultancy	noun	[1, 42, 1]	|consult
consultant	noun	[1, 42, 3]	顧問; ; |consult
consultation	noun	[2, 42, 3]	諮詢、商議、協商會; ; |consult
consultative	adj	[1, 42, 1]	|consult
contact	noun verb	[0, 42, 3]	聯繫、接觸;聯繫; ; |contact
contactable	adj	[1, 42, 1]	|contact
decline	noun verb	[1, 42, 3]	減少、衰退；婉拒; ; |decline
discrete	adj	[2, 42, 3]	分離的; ; |discrete
discretely	adv	[1, 42, 1]	|discrete
discretion	noun	[2, 42, 3]	決定權、判斷力; ; |discrete
discretionary	noun	[1, 42, 1]	|discrete
indiscrete	adj	[1, 42, 1]	|discrete
indiscretion	noun	[1, 42, 1]	|discrete
draft	noun verb	[1, 42, 3]	起草、草擬；徵召入伍、徵募; ; 草稿; ; |draft
redraft	verb	[1, 42, 1]	|draft
enable	verb	[1, 42, 3]	使能夠; ; |enable
enabling	adj	[1, 42, 1]	|enable
energy	noun	[0, 42, 3]	活力、精力；能源; ; |energy
energetic	adj	[1, 42, 3]	有活力的; ; |energy
energetically	adv	[1, 42, 1]	|energy
enforce	verb	[1, 42, 3]	實施、執行、強迫; ; |enforce
enforcement	noun	[2, 42, 3]	執行（法律）; ; |enforce
entity	noun	[2, 42, 3]	實體、獨立存在體; ; |entity
equivalent	adj noun	[1, 42, 3]	相等的；相等物; ; |equivalent
equivalence	noun	[1, 42, 1]	|equivalent
evolve	verb	[1, 42, 3]	演化、演變; ; |evolve
evolution	noun	[1, 42, 3]	演化、演變; ; |evolve
evolutionary	adj	[1, 42, 1]	|evolve
evolutionist	noun	[1, 42, 1]	|evolve
expand	verb	[1, 42, 3]	擴展、擴大; ; |expand
expansion	noun	[1, 42, 3]	擴展、擴大; ; |expand
expansionism	noun	[1, 42, 1]	|expand
expansive	adj	[1, 42, 1]	|expand
expose	verb	[1, 42, 3]	暴露、揭露; ; |expose
exposed	adj	[1, 42, 1]	|expose
exposure	noun	[1, 42, 3]	暴露、揭露；曝光、宣傳; ; |expose
external	adj	[2, 42, 3]	外部的、外面的; ; |external
externalization	noun	[1, 42, 1]	|external
externality	noun	[1, 42, 1]	|external
externalization	noun	[1, 42, 1]	|external
externalize	verb	[1, 42, 1]	|external
externally	adv	[1, 42, 1]	|external
facilitate	verb	[2, 42, 3]	使容易、促進; ; |facilitate
facilitation	noun	[1, 42, 1]	|facilitate
facilitator	noun	[1, 42, 1]	|facilitate
facility	noun	[1, 42, 3]	設施、設備; ; |facilitate
fundamental	adj noun	[1, 42, 3]	根本的、基礎的; ; |fundamental
fundamentally	adv	[1, 42, 1]	|fundamental
generate	verb	[2, 42, 3]	造成、創造、產生(熱、光、電); ; |generate
generation	noun	[0, 42, 3]	世代; ; |generation
image	noun verb	[0, 42, 3]	形象; ; |image
imagery	noun	[1, 42, 1]	|image
liberal	adj	[1, 42, 3]	開明的、自由的；自由主義者; ; |liberal
liberalism	noun	[1, 42, 1]	|liberal
liberalization	noun	[1, 42, 1]	|liberal
liberalize	verb	[2, 42, 3]	使自由化、放寬對…的限制; ; |liberal
liberally	adv	[1, 42, 1]	|liberal
liberate	verb	[1, 42, 3]	解放; ; |liberal
liberation	noun	[2, 42, 3]	解放; ; |liberal
liberator	noun	[1, 42, 1]	|liberal
license	noun verb	[1, 42, 3]	發許可證；執照; = licence (British English); |license
license	noun verb	[1, 42, 3]	發許可證；執照; = licence (British English); |license; |license
unlicensed	adj	[1, 42, 1]	|license
logic	noun	[1, 42, 3]	邏輯; ; |logic
illogical	adj	[1, 42, 1]	|logic
illogically	adv	[1, 42, 1]	|logic
logical	adj	[1, 42, 3]	按照邏輯的、合乎情理的; ; |logic
logically	adv	[1, 42, 1]	|logic
logician	noun	[1, 42, 1]	|logic
margin	noun	[1, 42, 3]	邊緣、差距; ; |margin
marginal	adj	[2, 42, 3]	邊緣的；(議會的)邊緣席位; ; |margin
marginally	adv	[1, 42, 1]	|margin
medical	adj noun	[1, 42, 3]	醫學的; ; |medical
medically	adv	[1, 42, 1]	|medical
mental	adj	[1, 42, 3]	精神的、心理的; ; |mental
mentality	noun	[2, 42, 3]	心態、思想狀況; ; |mental
mentally	adv	[1, 42, 1]	|mental
modify	verb	[2, 42, 3]	(略微地)修改; ; |modify
modification	noun	[1, 42, 1]	|modify
unmodified	adj	[1, 42, 1]	|modify
monitor	verb noun	[1, 42, 3]	監視、檢查；顯示器、監視器; ; |monitor
unmonitored	adj	[1, 42, 1]	|monitor
network	noun verb	[1, 42, 3]	網路；連接成網路; ; |network
notion	noun	[2, 42, 3]	觀念、看法; ; |notion
objective	noun	[1, 42, 3]	目的；客觀的; ; |objective
objectively	adv	[1, 42, 1]	|objective
objectivity	noun	[1, 42, 1]	|objective
orient	noun verb	[2, 42, 3]	朝向、確定方位、熟悉; = orientate; |orient
orientate	verb	[1, 42, 1]	|orient
orientation	noun	[2, 42, 3]	方向、觀點、(任職前的)培訓; ; |orient
reorient	verb	[1, 42, 1]	|orient
reorientation	noun	[1, 42, 1]	|orient
perspective	noun	[2, 42, 3]	(思考問題的)角度、觀點; ; |perspective
precise	adj	[1, 42, 3]	精確的; ; |precise
imprecise	adj	[1, 42, 1]	|precise
precision	noun	[2, 42, 3]	精確、準確、細緻; ; |precise
prime	adj verb noun	[1, 42, 3]	使準備好; ; 全盛時期; ; 原始的、首位的; ; |prime
primacy	noun	[1, 42, 1]	|prime
psychology	noun	[1, 42, 3]	心理、心理學; ; |psychology
psychological	adj	[1, 42, 3]	心理的; ; |psychology
psychologically	adv	[1, 42, 1]	|psychology
psychologist	noun	[1, 42, 3]	心理學家; ; |psychology
pursue	verb	[1, 42, 3]	追趕、追求; ; |pursue
pursuit	noun	[1, 42, 3]	追趕、追求; ; |pursue
ratio	noun	[2, 42, 3]	(兩個數量間的)比例; ; |ratio
reject	noun verb	[0, 42, 3]	拒絕、拒收; ; |reject
rejection	noun	[2, 42, 3]	拒絕、駁回; ; |reject
revenue	noun	[2, 42, 3]	財政收入、收益; ; |revenue
stable	adj	[1, 42, 3]	馬廄; ; 穩定的、牢固的; ; |stable
instability	noun	[2, 42, 3]	(形勢)不穩定; ; |stable
stability	noun	[2, 42, 3]	穩定(性); ; |stable
stabilization	noun	[1, 42, 1]	|stable
stabilize	verb	[2, 42, 3]	穩定、穩固; ; |stable
unstable	adj	[1, 42, 1]	|stable
style	noun verb	[0, 42, 3]	風格; ; |style
stylish	adj	[2, 42, 3]	時髦的、高雅的; ; |style
stylize	verb	[1, 42, 1]	|style
substitute	verb noun	[1, 42, 3]	代替的人(物)；代替; ; |substitute
substitution	noun	[2, 42, 3]	代理、代用、候補者; ; |substitute
sustain	verb	[2, 42, 3]	維持、遭受; ; |sustain
sustainability	noun	[1, 42, 1]	|sustain
sustainable	adj	[2, 42, 3]	可持續的；能長期保持的; ; |sustain
sustenance	noun	[1, 42, 1]	|sustain
unsustainable	adj	[1, 42, 1]	|sustain
symbol	noun	[0, 42, 3]	標誌、符號; ; |symbol
symbolic	adj	[2, 42, 3]	象徵性的、作為象徵的; = symbolical; |symbol
symbolically	adv	[1, 42, 1]	|symbol
symbolism	noun	[2, 42, 3]	象徵主義、象徵手法; ; |symbol
symbolize	verb	[1, 42, 3]	象徵、代表; ; |symbol
target	verb noun	[0, 42, 3]	目標；當作目標; ; |target
transit	verb noun	[2, 42, 3]	運輸(系統)、過境；運送過、通過; ; |transit
transition	noun	[2, 42, 3]	過渡、轉變; ; |transit
transitional	adj	[1, 42, 1]	|transit
transitory	adj	[1, 42, 1]	|transit
trend	noun verb	[1, 42, 3]	趨勢; ; |trend
version	noun	[1, 42, 3]	版本、說法; ; |version
welfare	noun	[1, 42, 3]	幸福、福利；福利的; ; |welfare
whereas	conj	[2, 42, 3]	(用以對比兩個事實)然而、但是; ; |whereas
abstract	adj noun verb	[1, 43, 3]	摘要; ; 抽象的; ; |abstract
abstraction	noun	[2, 43, 3]	抽象(概念)、抽取、提取; ; |abstract
abstractly	adv	[2, 43, 1]	|abstract
accurate	adj	[1, 43, 3]	正確的、精準的; ; |accurate
accuracy	noun	[1, 43, 3]	準確(度); ; |accurate
accurately	adv	[2, 43, 1]	|accurate
inaccuracy	noun	[2, 43, 1]	|accurate
inaccurate	adj	[2, 43, 1]	|accurate
acknowledge	verb	[2, 43, 3]	承認、告知、致意、感謝; ; |acknowledge
acknowledgement	noun	[2, 43, 1]	|acknowledge
aggregate	verb noun	[2, 43, 3]	總計(的)、合計(的); ; |aggregate
aggregation	noun	[2, 43, 1]	|aggregate
allocate	verb	[2, 43, 3]	分配、調撥; ; |allocate
allocation	noun	[2, 43, 1]	|allocate
assign	verb	[1, 43, 3]	指派、分配; ; |assign
assignment	noun	[2, 43, 3]	(學業或工作上的)任務、分派(任務); ; |assign
reassign	verb	[2, 43, 1]	|assign
unassigned	adj	[2, 43, 1]	|assign
attach	verb	[1, 43, 3]	裝上、使依附; ; |attach
attached	adj	[2, 43, 3]	依戀的、附屬的; ; |attach
attachment	noun	[2, 43, 1]	|attach
unattached	adj	[2, 43, 1]	|attach
author	noun verb	[1, 43, 3]	作者; ; |author
authorship	noun	[2, 43, 1]	|author
bond	noun verb	[1, 43, 3]	聯繫、關係；結合、建立關係; ; |bond
bonded	adj	[2, 43, 1]	|bond
brief	noun verb adj	[0, 43, 3]	概要、簡報；簡報、向...介紹情況; ; 簡短的、短暫的; ; |brief
brevity	noun	[2, 43, 1]	|brief
briefly	adv	[2, 43, 1]	|brief
capable	adj	[1, 43, 3]	有能力的; ; |capable
capability	noun	[2, 43, 3]	能力、性能; ; |capable
incapable	adj	[2, 43, 1]	|capable
cite	verb	[2, 43, 3]	引用、引述；舉例、列舉示例；嘉獎、表彰、表揚; ; |cite
citation	noun	[2, 43, 1]	|cite
cooperate	verb	[1, 43, 3]	合作、配合; ; |cooperate
co-operate	verb	[2, 43, 1]	|cooperate
co-operation	noun	[2, 43, 1]	|cooperate
co-operative	adj	[2, 43, 1]	|cooperate
co-operatively	adv	[2, 43, 1]	|cooperate
cooperation	noun	[1, 43, 3]	合作、配合; ; |cooperate
cooperative	adj	[1, 43, 3]	合作的、配合的；合作企業; ; |cooperate
cooperatively	adv	[2, 43, 1]	|cooperate
discriminate	adj verb	[2, 43, 3]	辨別；歧視; ; |discriminate
discriminating	adj	[2, 43, 1]	|discriminate
discrimination	noun	[2, 43, 3]	歧視；辨別能力; ; |discriminate
display	verb noun	[1, 43, 3]	陳列、展示; ; |display
diverse	adj	[2, 43, 3]	多元的、不同的; ; |diverse
diversely	adv	[2, 43, 1]	|diverse
diversification	noun	[2, 43, 1]	|diverse
diversify	verb	[2, 43, 3]	使多樣化; ; |diverse
diversity	noun	[2, 43, 3]	差異、多樣性; ; |diverse
domain	noun	[2, 43, 3]	領域、範圍; ; 提倡、支持; ; |domain
edit	verb noun	[1, 43, 3]	編輯; ; |edit
edition	noun	[1, 43, 3]	版本; ; |edit
editor	noun	[1, 43, 3]	編輯; ; |edit
editorial	noun adj	[1, 43, 3]	編輯的；社論、評論; ; |edit
enhance	verb	[1, 43, 3]	提高、增進; ; |enhance
enhancement	noun	[2, 43, 1]	|enhance
estate	noun	[1, 43, 3]	地產、資產、莊園; ; |estate
exceed	verb	[2, 43, 3]	超出; ; |exceed
expert	noun	[0, 43, 3]	專家; ; |expert
expertise	noun	[2, 43, 3]	專業知識、專門技術; ; |expert
expertly	adv	[2, 43, 1]	|expert
explicit	adj	[2, 43, 3]	詳盡的、明確的；露骨的、赤裸的; ; |explicit
explicitly	adv	[2, 43, 1]	|explicit
federal	adj	[1, 43, 3]	聯邦政府的; ; |federal
federation	noun	[2, 43, 3]	聯邦政府(制度)聯盟; ; |federal
fee	noun	[0, 43, 3]	費用; ; |fee
flexible	adj	[1, 43, 3]	有彈性的; ; |flexible
flexibility	noun	[2, 43, 1]	|flexible
inflexibility	noun	[2, 43, 1]	|flexible
inflexible	adj	[2, 43, 1]	|flexible
furthermore	adv	[1, 43, 3]	而且、此外; ; |furthermore
gender	noun	[2, 43, 3]	性別; ; |gender
ignorant	adj	[1, 43, 3]	不知道的、無知的; ; |ignorant
ignorance	noun	[1, 43, 3]	無知、愚昧; ; |ignorant
ignore	verb	[0, 43, 3]	忽視; ; |ignorant
incentive	noun	[2, 43, 3]	鼓勵、誘因; ; |incentive
incidence	noun	[2, 43, 3]	發生率、影響範圍; ; |incidence
incident	noun	[1, 43, 3]	(尤指不好的)事件; ; |incidence
incidentally	adv	[2, 43, 3]	順便提一句、偶然地; ; |incidence
incorporate	verb	[2, 43, 3]	包含、使併入; ; |incorporate
incorporation	noun	[2, 43, 1]	|incorporate
index	verb noun	[2, 43, 3]	索引、指數；將…編入索引; ; |index
inhibit	verb	[2, 43, 3]	禁止、約束; ; |inhibit
inhibition	noun	[2, 43, 3]	抑制、禁止; ; |inhibit
initiate	verb noun	[2, 43, 3]	創始、開始實施、使初步了解；新加入者; ; |initiate
initiation	noun	[2, 43, 1]	|initiate
initiative	noun	[2, 43, 3]	主動權、倡議、首創精神; ; |initiate
initiator	noun	[2, 43, 1]	|initiate
input	noun verb	[1, 43, 3]	輸入、投入；（將資訊）輸入、錄入（電腦或其他電子設備）; ; |input
instruct	verb	[1, 43, 3]	教授、指示、命令; ; |instruct
instruction	noun	[1, 43, 3]	指示、命令; ; |instruct
instructive	adj	[2, 43, 1]	|instruct
instructor	noun	[1, 43, 3]	教練、講師; ; |instruct
intelligent	adj	[0, 43, 3]	有才智的; ; |intelligent
intelligence	noun	[1, 43, 3]	智慧; ; |intelligent
intelligently	adv	[2, 43, 1]	|intelligent
unintelligent	adj	[2, 43, 1]	|intelligent
interval	noun	[1, 43, 3]	(時間)間隔; ; |interval
lecture	noun verb	[1, 43, 3]	講課；演講; ; |lecture
lecturer	noun	[1, 43, 3]	演講者、講師; ; |lecture
migrate	verb	[2, 43, 3]	移居、遷移; ; |migrate
migrant	noun	[2, 43, 3]	(為工作)移居者、移民; ; |migrate
migration	noun	[2, 43, 3]	移居、遷移; ; |migrate
migratory	adj	[2, 43, 1]	|migrate
minimum	noun adj	[1, 43, 3]	最小的；最小值; = min.; |minimum
ministry	noun	[1, 43, 3]	(政府的)部; ; |ministry
minister	noun verb	[1, 43, 3]	部長; ; |ministry
ministerial	adj	[2, 43, 3]	部長的、大臣的; ; |ministry
ministering	adj	[2, 43, 1]	|ministry
motive	noun	[2, 43, 3]	動機、目的；引起運動的; ; |motive
motivate	verb	[1, 43, 3]	激發、給…動機; ; |motive
motivating	adj	[2, 43, 1]	|motive
motivation	noun	[1, 43, 3]	動機; ; |motive
unmotivated	adj	[2, 43, 1]	|motive
neutral	adj	[2, 43, 3]	中立的、中性色的；中立者; ; |neutral
neutrality	noun	[2, 43, 1]	|neutral
neutralization	noun	[2, 43, 1]	|neutral
neutralize	verb	[2, 43, 1]	|neutral
nevertheless	adv	[1, 43, 3]	儘管如此、然而; ; |nevertheless
overseas	adv	[0, 43, 3]	在國外; ; |overseas
precede	verb	[2, 43, 3]	在…之前發生、先於; ; |precede
precedence	noun	[2, 43, 1]	|precede
precedent	noun	[2, 43, 3]	先前出現的事例、前例; ; |precede
unprecedented	adj	[2, 43, 3]	前所未有的、空前的; ; |precede
presume	verb	[2, 43, 3]	假設、推定; ; |presume
presumably	adv	[2, 43, 3]	很可能、大概; ; |presume
presumption	noun	[2, 43, 1]	|presume
presumptuous	adj	[2, 43, 1]	|presume
rational	adj	[2, 43, 3]	(想法、決定等)合理的、理性的; ; |rational
irrational	adj	[2, 43, 1]	|rational
rationalism	noun	[2, 43, 1]	|rational
rationality	noun	[2, 43, 1]	|rational
rationalization	noun	[2, 43, 1]	|rational
rationalize	verb	[2, 43, 1]	|rational
rationally	adv	[2, 43, 1]	|rational
recover	verb	[0, 43, 3]	恢復; ; |recover
recoverable	adj	[2, 43, 1]	|recover
recovery	noun	[1, 43, 3]	復得、恢復; ; |recover
reveal	verb	[1, 43, 3]	顯示、透漏; ; |reveal
revealing	adj	[2, 43, 3]	揭露真相的、過分暴露的; ; |reveal
revelation	noun	[2, 43, 3]	被揭露的真相、揭露、天啟; ; |reveal
scope	noun verb	[2, 43, 3]	範圍、能力範圍; ; |scope
subsidy	noun	[2, 43, 3]	補貼、補助金; ; |subsidy
subsidiary	noun	[2, 43, 3]	子公司；輔助的; ; |subsidy
subsidize	verb	[2, 43, 3]	補助、發津貼; ; |subsidy
tape	noun verb	[0, 43, 3]	磁帶、錄音帶；錄音; ; |tape
trace	noun verb	[0, 43, 3]	追蹤；痕跡; ; |trace
traceable	adj	[2, 43, 1]	|trace
transform	verb	[1, 43, 3]	改變、改造; ; |transform
transformation	noun	[2, 43, 3]	(徹底的)變化、改革; ; |transform
transport	verb noun	[1, 43, 3]	運輸、交通工具；運送; ; |transport
transportation	noun	[1, 43, 3]	運輸; ; |transport
transporter	noun	[2, 43, 1]	|transport
underlie	verb	[2, 43, 3]	構成的基礎、作為的原因; ; |underlie
utilize	verb	[2, 43, 3]	使用、利用; ; |utilize
utilizer	noun	[2, 43, 1]	|utilize
utility	noun	[2, 43, 3]	多用途的、多功能的; ; 效用、公共事業(水、電、瓦斯等); ; |utilize
utilization	noun	[2, 43, 1]	|utilize
utilize	verb	[2, 43, 3]	使用、利用; ; |utilize; |utilize
adapt	verb	[1, 44, 3]	(使)適應、改編; ; |adapt
adaptability	noun	[2, 44, 1]	|adapt
adaptable	adj	[2, 44, 1]	|adapt
adaptation	noun	[2, 44, 3]	改編、適應; ; |adapt
adaptive	adj	[2, 44, 1]	|adapt
adult	noun adj	[0, 44, 3]	成年人；成年的、成熟的、僅限成人的; ; |adult
adulthood	noun	[2, 44, 3]	成年; ; |adult
advocate	noun verb	[2, 44, 3]	提倡者、擁護者; ; |advocate
advocacy	noun	[2, 44, 1]	|advocate
aid	noun verb	[0, 44, 3]	幫助、援助；救援物資、輔助設備; ; |aid
unaided	adj	[2, 44, 1]	|aid
channel	verb noun	[0, 44, 3]	電視頻道、渠道、管道、途徑; ; |channel
chemical	adj noun	[0, 44, 3]	化學製品；化學的; ; |chemical
chemically	adv	[2, 44, 1]	|chemical
classic	adj noun	[0, 44, 3]	古典的、典型的、經典的；經典作品、名著; ; |classic
classical	adj	[0, 44, 3]	古典的、經典的、傳統的; ; |classic
comprehensive	adj	[2, 44, 3]	詳盡的、全面的; ; |comprehensive
comprehensively	adv	[2, 44, 1]	|comprehensive
comprise	verb	[2, 44, 3]	包括、組成; ; |comprise
confirm	verb	[0, 44, 3]	確認; ; |confirm
confirmation	noun	[2, 44, 1]	|confirm
contrary	adj noun	[1, 44, 3]	相反的、完全不同的；反面、相反事物; ; |contrary
contrarily	adv	[2, 44, 1]	|contrary
convert	verb noun	[2, 44, 3]	轉換、改變信仰；皈依者; ; |convert
conversion	noun	[2, 44, 3]	改變、轉換、改變信仰或態度; ; |convert
convertible	adj	[2, 44, 3]	敞篷車；可轉換的、可兌換的; ; |convert
couple	noun verb	[0, 44, 3]	一對、幾個、一對情侶或夫妻; ; |couple
coupled	adj	[2, 44, 1]	|couple
decade	noun	[1, 44, 3]	十年; ; |decade
definite	adj	[1, 44, 3]	肯定的; ; |definite
definitely	adv	[2, 44, 1]	|definite
definitive	adj	[2, 44, 3]	最後的、決定性的; ; |definite
indefinite	adj	[2, 44, 3]	未確定的、無限期的; ; |definite
indefinitely	adv	[2, 44, 1]	|definite
deny	verb	[0, 44, 3]	否認; ; |deny
deniable	adj	[2, 44, 1]	|deny
denial	adj	[2, 44, 3]	否認、拒絕; ; |deny
undeniable	adj	[2, 44, 1]	|deny
differentiate	verb	[2, 44, 3]	區分、使不同; ; |differentiate
differentiation	noun	[2, 44, 1]	|differentiate
dispose	verb	[2, 44, 3]	配置、處理、使傾向於; ; |dispose
disposable	adj	[2, 44, 3]	拋棄式的；拋棄式物品; ; |dispose
disposal	noun	[2, 44, 3]	處理、清除、處置權; ; |dispose
dynamic	adj	[1, 44, 3]	有活力的、不斷變化的; ; |dynamic
dynamically	adv	[2, 44, 1]	|dynamic
dynamics	noun	[2, 44, 1]	|dynamic
eliminate	verb	[1, 44, 3]	排除、淘汰; ; |eliminate
elimination	noun	[2, 44, 1]	|eliminate
empirical	adj	[2, 44, 3]	實證的、經驗主義的; ; |empirical
empirically	adv	[2, 44, 1]	|empirical
empiricism	noun	[2, 44, 1]	|empirical
equip	verb	[1, 44, 3]	裝備、配備；使有能力; ; |equip
equipment	noun	[1, 44, 3]	設備、器材; ; |equip
extract	noun verb	[2, 44, 3]	萃取物；摘要; ; 抽出、提取; ; |extract
extraction	noun	[2, 44, 1]	|extract
file	verb noun	[1, 44, 3]	把(文件)歸檔；提出(訴訟、申請等); ; 檔案; ; |file
finite	adj	[2, 44, 3]	有限的; ; |finite
infinite	adj	[2, 44, 3]	極大的、無邊無限的; ; |finite
infinitely	adv	[2, 44, 1]	|finite
foundation	noun	[1, 44, 3]	創辦；基礎；基金會; ; |foundation
globe	noun	[1, 44, 3]	地球、世界、地球儀; ; |globe
global	adj	[1, 44, 3]	全球的; ; |globe
globalization	noun	[2, 44, 1]	|globe
globally	adv	[2, 44, 1]	|globe
grade	noun verb	[0, 44, 3]	成績; ; 評分、分等級; ; |grade
guarantee	noun verb	[1, 44, 3]	保證、擔保; ; |guarantee
hierarchy	noun	[2, 44, 3]	階級制度; ; |hierarchy
hierarchical	adj	[2, 44, 1]	|hierarchy
identical	adj	[1, 44, 3]	完全相同的; ; |identical
identically	adv	[2, 44, 1]	|identical
ideology	noun	[2, 44, 3]	思想體系、意識形態; ; |ideology
ideological	adj	[2, 44, 3]	意識形態的; ; |ideology
ideologically	adv	[2, 44, 1]	|ideology
infer	verb	[1, 44, 3]	推論; ; |infer
inference	noun	[1, 44, 3]	推論; ; |infer
innovate	verb	[2, 44, 1]	|innovate
innovation	noun	[2, 44, 3]	革新、新方法; ; |innovate
innovative	adj	[2, 44, 3]	創新的; ; |innovate
innovator	noun	[2, 44, 1]	|innovate
insert	verb noun	[1, 44, 3]	插入; ; |insert
insertion	noun	[2, 44, 1]	|insert
intervene	verb	[2, 44, 3]	干涉、介入; ; |intervene
intervening	adj	[2, 44, 1]	|intervene
intervention	noun	[2, 44, 3]	干涉、介入; ; |intervene
isolate	adj verb	[1, 44, 3]	孤立、隔離; ; |isolate
isolating	adj	[2, 44, 1]	|isolate
isolation	noun	[1, 44, 3]	孤立、隔離; ; |isolate
isolationism	noun	[2, 44, 1]	|isolate
media	noun	[1, 44, 3]	新聞媒體; ; |media
mode	noun	[2, 44, 3]	方式、模式、眾數; ; |mode
paradigm	noun	[2, 44, 1]	|paradigm
phenomenon	noun	[1, 44, 3]	現象; ; |phenomenon
phenomenal	adj	[2, 44, 1]	|phenomenon
priority	noun	[2, 44, 3]	優先處理的事、優先權; ; |priority
prioritization	noun	[2, 44, 1]	|priority
prioritize	verb	[2, 44, 1]	|priority
prohibit	verb	[1, 44, 3]	(以法令)禁止; ; |prohibit
prohibition	noun	[2, 44, 3]	(尤指通過法律的)禁止、禁令; ; |prohibit
prohibitive	adj	[2, 44, 1]	|prohibit
publication	noun	[1, 44, 3]	出版、出版物; ; |publication
quote	noun verb	[1, 44, 3]	引用、引述；引語; ; |quote
quotation	noun	[2, 44, 3]	引文、語錄；報價、行情; ; |quote
release	verb noun	[1, 44, 3]	釋放、宣泄；獲釋、發行; ; |release
reverse	verb noun	[2, 44, 3]	顛倒、轉向；相反、反面；反面的、逆轉的; ; |reverse
irreversible	adj	[2, 44, 1]	|reverse
reversal	noun	[2, 44, 1]	|reverse
reversible	adj	[2, 44, 1]	|reverse
simulate	verb	[2, 44, 3]	假裝、冒充、模擬; ; |simulate
simulation	noun	[2, 44, 3]	模擬、冒充; ; |simulate
sole	adj	[2, 44, 3]	腳底、鞋底；給(鞋)換底; ; 唯一的; ; |sole
solely	adv	[2, 44, 1]	|sole
somewhat	adv	[1, 44, 3]	有點、稍微; ; |somewhat
submit	verb	[2, 44, 3]	提交、屈服; ; |submit
submission	noun	[2, 44, 1]	|submit
successor	noun	[2, 44, 3]	繼任者、接替的事物; ; |successor
succession	noun	[2, 44, 3]	連續、繼承; ; |successor
successive	adj	[2, 44, 3]	連續的、相繼的; ; |successor
successively	adv	[2, 44, 1]	|successor
survive	verb	[0, 44, 3]	存活; ; |survive
survival	noun	[1, 44, 3]	生存、存活; ; |survive
survivor	noun	[1, 44, 3]	倖存者、生還者; ; |survive
thesis	noun	[2, 44, 3]	學位論文; ; |thesis
topic	noun	[0, 44, 3]	主題; ; |topic
topical	adj	[2, 44, 3]	熱門話題的; ; |topic
transmit	verb	[2, 44, 3]	播送、傳染、傳導(熱、光); ; |transmit
transmission	noun	[2, 44, 3]	傳送、傳染、(電台或電視)播送; ; |transmit
ultimate	adj	[2, 44, 3]	最後的、極端的、基本的；極品、最終的事物、終極、極限; ; |ultimate
ultimately	adv	[2, 44, 3]	最終、終究、最基本地; ; |ultimate
unique	adj	[0, 44, 3]	獨特的; ; |unique
uniquely	adv	[2, 44, 1]	|unique
uniqueness	noun	[2, 44, 1]	|unique
visible	adj	[1, 44, 3]	可見的; ; |visible
invisibility	noun	[2, 44, 1]	|visible
invisible	adj	[1, 44, 3]	隱形的; ; |visible
visibility	noun	[2, 44, 1]	|visible
visibly	adv	[2, 44, 1]	|visible
voluntary	adj	[1, 44, 3]	志願的、自願的; ; |voluntary
voluntarily	adv	[2, 44, 1]	|voluntary
volunteer	noun verb	[1, 44, 3]	義工；自願; ; |voluntary
abandon	verb	[1, 45, 3]	盡情、放縱; ; 拋棄、捨棄、中止; ; |abandon
abandonment	noun	[2, 45, 1]	|abandon
accompany	verb	[1, 45, 3]	陪同、伴隨; ; |accompany
accompaniment	noun	[2, 45, 1]	|accompany
accompanying	adj	[2, 45, 1]	|accompany
unaccompanied	adj	[2, 45, 1]	|accompany
accumulate	verb	[2, 45, 3]	累積、逐漸增加; ; |accumulate
accumulation	noun	[2, 45, 3]	累積; ; |accumulate
ambiguous	adj	[2, 45, 3]	模稜兩可的、含混不清的; ; |ambiguous
ambiguity	noun	[2, 45, 3]	歧義、模稜兩可; ; |ambiguous
unambiguous	adj	[2, 45, 1]	|ambiguous
unambiguously	adv	[2, 45, 1]	|ambiguous
append	verb	[2, 45, 1]	|append
appendix	noun	[2, 45, 3]	(書或文件的)附錄；闌尾; ; |append
appreciate	verb	[0, 45, 3]	欣賞、賞識；感激、感謝; ; |appreciate
appreciable	adj	[2, 45, 3]	可觀的; ; |appreciate
appreciably	adv	[2, 45, 1]	|appreciate
appreciation	noun	[1, 45, 3]	欣賞；感激、感謝; ; |appreciate
unappreciated	adj	[2, 45, 1]	|appreciate
arbitrary	adj	[2, 45, 3]	武斷的、專制的; ; |arbitrary
arbitrarily	adv	[2, 45, 1]	|arbitrary
arbitrariness	noun	[2, 45, 1]	|arbitrary
automate	verb	[2, 45, 1]	|automate
automatic	adj	[1, 45, 3]	自動的; ; |automate
automatically	adv	[2, 45, 1]	|automate
automation	noun	[2, 45, 3]	自動化; ; |automate
bias	verb noun	[2, 45, 3]	偏見、偏袒；對...懷有偏見; ; |bias
biased	adj	[2, 45, 1]	|bias
unbiased	adj	[2, 45, 1]	|bias
chart	verb noun	[0, 45, 3]	圖表; ; |chart
uncharted	adj	[2, 45, 1]	|chart
clarify	verb	[1, 45, 3]	闡明、澄清; ; |clarify
clarification	noun	[2, 45, 1]	|clarify
clarity	noun	[2, 45, 3]	清楚、明確; ; |clarify
commodity	noun	[2, 45, 3]	商品、貨物、有價值的事物; ; |commodity
complement	noun verb	[2, 45, 3]	補充、使完美；補充物、足數、(語法)補語; ; |complement
complementary	adj	[2, 45, 1]	|complement
conform	verb	[2, 45, 3]	順從、遵守、相符合; ; |conform
conformability	noun	[2, 45, 1]	|conform
conformable	adj	[2, 45, 1]	|conform
conformance	noun	[2, 45, 1]	|conform
conformation	noun	[2, 45, 1]	|conform
conformist	noun	[2, 45, 1]	|conform
conformity	noun	[2, 45, 1]	|conform
non-conformist	noun	[2, 45, 1]	|conform
non-conformity	noun	[2, 45, 1]	|conform
nonconformist	noun	[2, 45, 1]	|conform
nonconformity	noun	[2, 45, 1]	|conform
contemporary	adj	[1, 45, 3]	當代的、同時期的；同時代的人、同輩; ; |contemporary
contradict	verb	[2, 45, 3]	反駁、牴觸; ; |contradict
contradiction	noun	[2, 45, 3]	矛盾、牴觸、反駁; ; |contradict
contradictory	adj	[2, 45, 3]	相互矛盾的、不一致的; ; |contradict
crucial	adj	[2, 45, 3]	重要的、決定性的; ; |crucial
crucially	adv	[2, 45, 1]	|crucial
currency	noun	[2, 45, 3]	貨幣；流通、流傳; ; |currency
denote	verb	[2, 45, 3]	象徵、意指; ; |denote
denotation	noun	[2, 45, 1]	|denote
detect	verb	[1, 45, 3]	發現、查出; ; |detect
detectable	adj	[2, 45, 1]	|detect
detection	noun	[2, 45, 3]	偵查、探測; ; |detect
detective	noun	[1, 45, 3]	偵探、警探；偵探的; ; |detect
detector	noun	[2, 45, 1]	|detect
deviate	verb	[2, 45, 3]	偏離、脫軌; ; |deviate
deviation	noun	[2, 45, 1]	|deviate
displace	verb	[2, 45, 3]	取代、迫使離開、移開; ; |displace
displacement	noun	[2, 45, 1]	|displace
drama	noun	[0, 45, 3]	戲劇; ; |drama
dramatic	adj	[1, 45, 3]	戲劇(性)的; ; |drama
dramatically	adv	[2, 45, 1]	|drama
dramatist	noun	[2, 45, 1]	|drama
dramatization	noun	[2, 45, 1]	|drama
dramatize	verb	[2, 45, 1]	|drama
eventual	adj	[1, 45, 3]	最終的; ; |eventual
eventuality	noun	[2, 45, 1]	|eventual
eventually	adv	[2, 45, 1]	|eventual
exhibit	verb noun	[1, 45, 3]	展覽(品); ; 展覽；表現出; ; |exhibit
exhibition	noun	[1, 45, 3]	展覽；表現; ; |exhibit
exploit	noun verb	[1, 45, 3]	剝削、利用、開採; ; |exploit
exploitation	noun	[2, 45, 1]	|exploit
fluctuate	verb	[2, 45, 3]	波動、變動; ; |fluctuate
fluctuation	noun	[2, 45, 1]	|fluctuate
guideline	noun	[2, 45, 3]	指導方針; ; |guideline
highlight	verb noun	[2, 45, 3]	最精彩突出的部分; ; 強調、使顯著; ; |highlight
implicit	adj	[2, 45, 3]	不直接言明的、內含的、完全的; ; |implicit
implicitly	adv	[2, 45, 1]	|implicit
induce	verb	[2, 45, 3]	勸說、誘使、引起; ; |induce
induction	noun	[2, 45, 1]	|induce
inevitable	adj	[1, 45, 3]	不可避免的; ; |inevitable
inevitability	noun	[2, 45, 1]	|inevitable
inevitably	adv	[2, 45, 1]	|inevitable
infrastructure	noun	[2, 45, 3]	基礎建設(如公路、鐵路等); ; |infrastructure
inspect	verb	[1, 45, 3]	檢查、審視; ; |inspect
inspection	noun	[2, 45, 3]	視察、檢查; ; |inspect
inspector	noun	[1, 45, 3]	檢查員; ; |inspect
intense	adj	[1, 45, 3]	劇烈的、熱切的; ; |intense
intensely	adv	[2, 45, 1]	|intense
intenseness	noun	[2, 45, 1]	|intense
intensification	noun	[2, 45, 1]	|intense
intensify	verb	[1, 45, 3]	變激烈、增強; ; |intense
intension	noun	[2, 45, 1]	|intense
intensity	noun	[2, 45, 3]	強烈、劇烈; ; |intense
intensive	adj	[1, 45, 3]	密集的、加強的; ; |intense
intensively	adv	[2, 45, 1]	|intense
manipulate	verb	[2, 45, 3]	操縱、控制(某人的思想和行為); ; |manipulate
manipulation	noun	[2, 45, 1]	|manipulate
manipulative	adj	[2, 45, 1]	|manipulate
minimize	verb	[2, 45, 3]	把…減至最少量; ; |minimize
nuclear	adj	[1, 45, 3]	核能的; ; |nuclear
offset	noun verb	[2, 45, 3]	用膠印法印；平板印刷的; ; 補償、抵銷; ; |offset
paragraph	noun verb	[1, 45, 3]	段落; ; |paragraph
plus	noun verb	[0, 45, 3]	加、加上；正數、加號; ; |plus
practitioner	noun	[2, 45, 3]	(尤指醫學或法律的)從業人員; ; |practitioner
predominant	adj	[2, 45, 3]	顯著的、盛行的、主導的; ; |predominant
predominance	noun	[2, 45, 1]	|predominant
predominantly	adv	[2, 45, 3]	主要地、多數情況下; ; |predominant
predominate	verb	[2, 45, 1]	|predominant
prospect	noun verb	[1, 45, 3]	可能性、前景; ; 探礦、勘探; ; |prospect
prospective	adj	[2, 45, 3]	可能的、潛在的; ; |prospect
radical	adj noun	[1, 45, 3]	徹底的、激進的；激進份子; ; |radical
radically	adv	[2, 45, 1]	|radical
random	adj	[2, 45, 3]	隨機的、隨意的；隨機、隨意; ; |random
randomly	adv	[2, 45, 1]	|random
randomness	noun	[2, 45, 1]	|random
reinforce	verb	[2, 45, 3]	加強、鞏固; ; |reinforce
reinforcement	noun	[2, 45, 1]	|reinforce
restore	verb	[1, 45, 3]	恢復、復原; ; |restore
restoration	noun	[2, 45, 1]	|restore
revise	verb	[0, 45, 3]	修訂; ; |revise
revision	noun	[1, 45, 3]	修訂、修正; ; |revise
schedule	noun verb	[1, 45, 3]	工作行程、時刻表；安排時間、預定; ; |schedule
reschedule	verb	[2, 45, 1]	|schedule
unscheduled	adj	[2, 45, 1]	|schedule
tense	adj noun verb	[1, 45, 3]	繃緊的、緊張的；繃緊; ; |tense
tensely	adv	[2, 45, 1]	|tense
tension	noun	[1, 45, 3]	繃緊、緊張; ; |tense
terminate	verb	[2, 45, 3]	結束、終止; ; |terminate
terminal	adj noun	[1, 45, 3]	終點、(航空或交通運輸的)終站；終點的、末期的; ; |terminate
termination	noun	[2, 45, 3]	結束、終止; ; |terminate
theme	noun verb	[1, 45, 3]	主題; ; |theme
thematic	adj	[2, 45, 1]	|theme
thematically	adv	[2, 45, 1]	|theme
thereby	adv	[2, 45, 3]	因此、從而; ; |thereby
uniform	adj noun	[0, 45, 3]	制服；一致的; ; |uniform
uniformity	noun	[2, 45, 1]	|uniform
uniformly	adv	[2, 45, 1]	|uniform
vehicle	noun	[1, 45, 3]	交通工具; ; |vehicle
via	prep	[2, 45, 3]	經由、通過; ; |via
virtual	adj	[2, 45, 3]	(透過電腦)虛擬的; ; |virtual
virtually	adv	[2, 45, 3]	差不多、事實上; ; |virtual
visual	adj	[1, 45, 3]	視覺的; ; |visual
visualization	noun	[2, 45, 1]	|visual
visualize	verb	[2, 45, 3]	視覺化、想像; ; |visual
visually	adv	[2, 45, 1]	|visual
widespread	adj	[1, 45, 3]	普遍的、廣泛的; ; |widespread
accommodate	verb	[1, 46, 3]	容納; ; |accommodate
accommodating	adj	[2, 46, 1]	|accommodate
accommodation	noun	[1, 46, 3]	住宿、停留處; ; |accommodate
analogy	noun	[2, 46, 3]	類比、比喻; ; |analogy
analogous	adj	[2, 46, 1]	|analogy
anticipate	verb	[2, 46, 3]	預料、預見、期盼; ; |anticipate
anticipation	noun	[2, 46, 3]	預料、預見、期盼; ; |anticipate
unanticipated	adj	[2, 46, 1]	|anticipate
assure	verb	[1, 46, 3]	向...保證、確保; ; |assure
assurance	noun	[1, 46, 3]	保證、擔保；自信; ; |assure
assuredly	adv	[2, 46, 1]	|assure
attain	verb	[2, 46, 3]	獲得、達到; ; |attain
attainable	adj	[2, 46, 1]	|attain
attainment	noun	[2, 46, 1]	|attain
unattainable	adj	[2, 46, 1]	|attain
behalf	noun	[2, 46, 3]	作為...的代表、代替...; ; |behalf
bulk	noun verb	[2, 46, 3]	大部分、大規模、巨大的東西；加大、加重; ; |bulk
bulky	adj	[2, 46, 3]	龐大的、笨重的、高大肥胖的; ; |bulk
cease	verb	[1, 46, 3]	停止；結束; ; |cease
ceaseless	adj	[2, 46, 1]	|cease
coherent	adj	[2, 46, 3]	(看法、論點)連貫的、條理清晰的; ; |coherent
coherence	noun	[2, 46, 1]	|coherent
coherently	adv	[2, 46, 1]	|coherent
incoherent	adj	[2, 46, 1]	|coherent
incoherently	adv	[2, 46, 1]	|coherent
coincide	verb	[2, 46, 3]	同時發生、相符、一致; ; |coincide
coincidence	noun	[1, 46, 3]	巧合、同時發生; ; |coincide
coincident	adj	[2, 46, 1]	|coincide
coincidental	adj	[2, 46, 1]	|coincide
commence	verb	[2, 46, 3]	開始; ; |commence
commencement	noun	[2, 46, 1]	|commence
recommence	verb	[2, 46, 1]	|commence
compatible	adj	[2, 46, 3]	相容的、可共存的; ; |compatible
compatibility	noun	[2, 46, 1]	|compatible
incompatibility	noun	[2, 46, 1]	|compatible
incompatible	adj	[2, 46, 1]	|compatible
concurrent	adj	[2, 46, 1]	|concurrent
concurrently	adv	[2, 46, 1]	|concurrent
confine	verb	[1, 46, 3]	限制、監禁; ; |confine
confined	adj	[2, 46, 1]	|confine
unconfined	adj	[2, 46, 1]	|confine
controversy	noun	[2, 46, 3]	爭議、辯論; ; |controversy
controversial	adj	[2, 46, 3]	有爭議的; ; |controversy
controversially	adv	[2, 46, 1]	|controversy
uncontroversial	adj	[2, 46, 1]	|controversy
converse	noun adj	[1, 46, 3]	交談; ; |converse
conversely	adv	[2, 46, 3]	相反地; ; |converse
device	noun	[1, 46, 3]	裝置、設備; ; |device
devote	verb	[1, 46, 3]	致力、用於; ; |devote
devoted	adj	[1, 46, 3]	摯愛的、忠誠的、專心致志的; ; |devote
devotedly	adv	[2, 46, 1]	|devote
devotion	noun	[1, 46, 3]	摯愛、忠誠、奉獻; ; |devote
diminish	verb	[2, 46, 3]	減少、削弱、貶損; ; |diminish
diminution	noun	[2, 46, 1]	|diminish
undiminished	adj	[2, 46, 1]	|diminish
distort	verb	[2, 46, 3]	使變形、曲解; ; |distort
distortion	noun	[2, 46, 1]	|distort
duration	noun	[1, 46, 3]	持續期間; ; |duration
erode	verb	[2, 46, 3]	腐蝕、侵蝕; ; |erode
erosion	noun	[2, 46, 3]	腐蝕、侵蝕; ; |erode
ethic	noun	[2, 46, 3]	倫理準則; ; |ethic
ethical	adj	[2, 46, 3]	倫理的、道德的; ; |ethic
ethically	adv	[2, 46, 1]	|ethic
ethics	noun	[2, 46, 3]	倫理(學)、倫理觀; ; |ethic
unethical	adj	[2, 46, 1]	|ethic
format	noun verb	[2, 46, 3]	模式、格式；編排格式、格式化; ; |format
found	verb	[1, 46, 3]	創辦、建立; ; |found
founder	noun	[1, 46, 3]	創辦者、建立者; ; |found
founding	noun	[2, 46, 1]	|found
unfounded	adj	[2, 46, 1]	|found
inherent	adj	[2, 46, 3]	固有的、內在的; ; |inherent
inherently	adv	[2, 46, 1]	|inherent
insight	noun	[2, 46, 3]	洞察力、領悟; ; |insight
insightful	adj	[2, 46, 1]	|insight
integral	adj noun	[2, 46, 3]	必需的、完整的; ; |integral
intermediate	adj	[1, 46, 3]	中級的、中間的; ; |intermediate
manual	adj noun	[1, 46, 3]	手冊、導覽；用手的、手工的; ; |manual
manually	adv	[2, 46, 1]	|manual
mature	adj verb	[1, 46, 3]	成熟的; ; |mature
immature	adj	[2, 46, 1]	|mature
immaturity	noun	[2, 46, 1]	|mature
maturation	noun	[2, 46, 1]	|mature
maturational	adj	[2, 46, 1]	|mature
maturity	noun	[1, 46, 3]	成熟、完善; ; |mature
mediate	verb	[2, 46, 3]	調解分歧、爭端; ; |mediate
mediation	noun	[2, 46, 1]	|mediate
medium	adj noun	[0, 46, 3]	媒介、方法、媒體; ; 中間的、中等的; ; |medium
military	noun	[0, 46, 3]	軍事(的); ; |military
minimal	adj	[2, 46, 3]	極小的、最小的; ; |minimal
minimalist	noun	[2, 46, 1]	|minimal
minimalistic	adj	[2, 46, 1]	|minimal
minimalization	noun	[2, 46, 1]	|minimal
minimalize	verb	[2, 46, 1]	|minimal
minimally	adv	[2, 46, 1]	|minimal
mutual	adj	[1, 46, 3]	互相的、共同的; ; |mutual
mutually	adv	[2, 46, 1]	|mutual
norm	noun	[2, 46, 3]	常態、正常行為、規範; ; |norm
overlap	verb noun	[2, 46, 3]	重疊；重疊部分; ; |overlap
passive	adj	[1, 46, 3]	被動的、消極的; ; |passive
passively	adv	[2, 46, 1]	|passive
passivity	noun	[2, 46, 1]	|passive
portion	verb noun	[1, 46, 3]	份、部分; ; |portion
preliminary	adj noun	[2, 46, 3]	初步的；預備性措施; ; |preliminary
protocol	noun	[2, 46, 1]	|protocol
qualitative	adj	[2, 46, 3]	質量的、定性的; ; |qualitative
qualitatively	adv	[2, 46, 1]	|qualitative
refine	verb	[2, 46, 3]	精煉、改進; ; |refine
refined	adj	[2, 46, 1]	|refine
refinement	noun	[2, 46, 1]	|refine
relax	verb	[1, 46, 3]	放鬆、放心; ; |relax
relaxation	noun	[1, 46, 3]	放鬆、消遣; ; |relax
restrain	verb	[2, 46, 3]	阻止、約束(自己); ; |restrain
restraint	noun	[2, 46, 3]	約束力、控制、克制; ; |restrain
unrestrained	adj	[2, 46, 1]	|restrain
revolution	noun	[1, 46, 3]	革命; ; |revolution
revolutionary	noun adj	[1, 46, 3]	革命(性)的; ; |revolution
revolutionist	noun	[2, 46, 1]	|revolution
revolutionize	verb	[2, 46, 1]	|revolution
rigid	adj	[2, 46, 3]	死板的、僵硬的、堅硬的; ; |rigid
rigidity	noun	[2, 46, 1]	|rigid
rigidly	adv	[2, 46, 1]	|rigid
route	noun verb	[1, 46, 3]	路線；按路線發送; ; |route
scenario	noun	[2, 46, 3]	設想的情況、情節; ; |scenario
sphere	noun	[2, 46, 3]	(幾何學)球體、範圍、領域; ; |sphere
spherical	adj	[2, 46, 1]	|sphere
spherically	adv	[2, 46, 1]	|sphere
subordinate	noun verb adj	[2, 46, 3]	部屬；從屬的；置於次要地位; ; |subordinate
subordination	noun	[2, 46, 1]	|subordinate
supplement	noun verb	[2, 46, 3]	補充、添加；添加物; ; |supplement
supplementary	adj	[2, 46, 3]	補充的; ; |supplement
suspend	verb	[1, 46, 3]	懸掛、中止、暫時取消; ; |suspend
suspension	noun	[1, 46, 3]	暫停、停學(職); ; |suspend
team	noun verb	[0, 46, 3]	小組; ; |team
temporary	adj	[1, 46, 3]	暫時的; ; |temporary
temporarily	adv	[2, 46, 1]	|temporary
trigger	noun verb	[2, 46, 3]	扳機、誘因；觸發、起動; ; |trigger
unify	verb	[2, 46, 3]	統一、使成一體; ; |unify
unification	noun	[2, 46, 3]	統一、單一化; ; |unify
violate	verb	[1, 46, 3]	違反、侵犯; ; |violate
violation	noun	[1, 46, 3]	違反、侵犯; ; |violate
vision	noun	[1, 46, 3]	視力、眼光、憧憬; ; |vision
adjacent	adj	[2, 47, 3]	毗連的、鄰近的; ; |adjacent
albeit	conj	[2, 47, 1]	|albeit
assemble	verb	[1, 47, 3]	集合、聚集；組裝; ; |assemble
assembly	noun	[1, 47, 3]	集會、議會；裝配; ; |assemble
collapse	noun verb	[1, 47, 3]	倒塌、崩潰、失敗、昏倒; ; |collapse
collapsible	adj	[2, 47, 1]	|collapse
colleague	noun	[1, 47, 3]	同事; ; |colleague
compile	verb	[2, 47, 3]	編纂、編譯; ; |compile
compilation	noun	[2, 47, 1]	|compile
conceive	verb	[2, 47, 3]	構想、抱持(想法、感情)；受孕、懷孕; ; |conceive
conceivable	adj	[2, 47, 1]	|conceive
conceivably	adv	[2, 47, 1]	|conceive
inconceivable	adj	[2, 47, 1]	|conceive
inconceivably	adv	[2, 47, 1]	|conceive
convince	verb	[1, 47, 3]	使相信、說服; ; |convince
convincingly	adv	[2, 47, 1]	|convince
unconvinced	adj	[2, 47, 1]	|convince
depress	verb	[1, 47, 3]	使沮喪; ; |depress
depression	noun	[1, 47, 3]	沮喪、憂鬱症；蕭條、不景氣; ; |depress
encounter	noun verb	[1, 47, 3]	遭遇、遇到；偶遇; ; |encounter
enormous	adj	[1, 47, 3]	龐大的; ; |enormous
enormity	noun	[2, 47, 1]	|enormous
enormously	adv	[2, 47, 1]	|enormous
forthcoming	adj	[2, 47, 3]	即將到來的; ; |forthcoming
incline	noun verb	[2, 47, 3]	傾斜、傾向；斜坡; ; |incline
inclination	noun	[2, 47, 1]	|incline
inclined	adj	[2, 47, 1]	|incline
integrity	noun	[2, 47, 3]	誠實正直、完整; ; |integrity
intrinsic	adj	[2, 47, 3]	固有的、內在的、本身的; ; |intrinsic
intrinsically	adv	[2, 47, 1]	|intrinsic
invoke	verb	[2, 47, 1]	|invoke
levy	noun verb	[2, 47, 3]	稅款；徵稅; ; |levy
likewise	adv	[2, 47, 3]	同樣地、類似地、也; ; |likewise
nonetheless	adv	[1, 47, 3]	儘管如此; ; |nonetheless
notwithstanding	prep adv	[2, 47, 3]	雖然、儘管、儘管如此; ; |notwithstanding
odd	adj	[1, 47, 3]	奇怪的; ; |odd
odds	noun	[2, 47, 3]	機率、逆境; ; |odd
ongoing	adj	[2, 47, 3]	繼續進行的、不斷發展的; ; |ongoing
panel	noun verb	[1, 47, 3]	鑲板、專門小組; ; |panel
persist	verb	[1, 47, 3]	堅持; ; |persist
persistence	noun	[2, 47, 3]	堅持、執意; ; |persist
persistent	adj	[2, 47, 3]	堅持的、持續存在的; ; |persist
persistently	adv	[2, 47, 1]	|persist
pose	noun verb	[1, 47, 3]	姿勢；擺好姿勢(拍照)、引起(尤指問題或困難); ; |pose
reluctance	noun	[2, 47, 1]	|reluctance
reluctant	adj	[1, 47, 3]	不情願的; ; |reluctance
reluctantly	adv	[2, 47, 1]	|reluctance
so-called	adj	[2, 47, 3]	所謂的; ; |so-called
straightforward	adj	[2, 47, 3]	簡單易懂的、坦誠的; ; |straightforward
undergo	verb	[2, 47, 3]	經歷、遭受; ; |undergo
whereby	adv	[2, 47, 3]	憑此、藉以; ; |whereby
