a	a	1
a.m.	b	1
abandon	v	4
abbreviate	v	6
abide	v	6
ability	n	1
able	j	1
abnormal	j	5
aboard	bp	3
abolish	v	5
aboriginal	jn	6
abortion	n	5
abound	v	6
about	bp	1
above	bjp	1
abroad	b	1
abrupt	j	5
absence	n	2
absent	jv	2
absolute	j	4
absorb	v	4
abstract	j	4
abstraction	n	6
absurd	j	5
abundance	n	6
abundant	j	5
abuse	nv	5
academic	j	4
academy	n	6
accelerate	v	5
accent	n	4
accept	v	2
acceptable	j	3
acceptance	n	4
access	nv	4
accessible	j	5
accessory	jn	6
accident	n	2
accidental	j	4
acclaim	nv	6
accommodate	v	5
accommodation	n	5
accompany	v	4
accomplish	v	4
accomplishment	n	4
accord	nv	5
accordance	n	6
accordingly	b	6
account	nv	2
accountable	j	6
accountant	n	4
accounting	n	5
accumulate	v	6
accumulation	n	6
accuracy	n	4
accurate	j	3
accusation	n	6
accuse	v	4
accustom	v	6
ache	nv	3
achieve	v	3
achievement	n	3
acid	jn	4
acknowledge	v	5
acknowledgement	n	5
acne	n	6
acquaint	v	5
acquaintance	n	4
acquire	v	4
acquisition	n	5
acre	n	6
across	bp	1
act	nv	1
action	n	1
active	j	2
activist	n	5
activity	n	2
actor	n	1
actress	n	1
actual	j	2
acute	j	5
ad	n	3
adapt	v	4
adaptation	n	6
add	v	1
addict	nv	4
addiction	n	6
addition	n	2
additional	j	3
address	nv	2
adequate	j	4
adjective	n	7
adjust	v	4
adjustment	n	4
administer	v	6
administrate	v	6
administration	n	5
administrative	j	5
administrator	n	5
admirable	j	4
admiral	n	6
admiration	n	4
admire	v	3
admission	n	4
admit	v	2
adolescence	n	6
adolescent	jn	5
adopt	v	4
adore	v	5
adult	jn	2
advance	nv	2
advanced	j	3
advantage	n	3
adventure	n	3
adverb 	n	7
adverse	j	5
advertise	v	3
advertisement	n	3
advice	n	2
advise	v	3
adviser	n	3
advisor	n	3
advisory	j	6
advocate	nv	5
aesthetic	j	6
affair	n	2
affect	v	2
affection	n	5
affectionate	j	6
affiliate	n	6
affirm	v	6
afford	v	3
afraid	j	1
africa	n	7
africa	n	7
after	bcp	1
afternoon	n	1
afterward	b	3
afterwards	b	3
again	b	1
against	p	2
age	nv	1
agency	n	4
agenda	n	5
agent	n	4
aggression	n	5
aggressive	j	4
ago	b	1
agony	n	5
agree	v	1
agreeable	j	4
agreement	n	1
agricultural	j	5
agriculture	n	3
ahead	b	2
aid	nv	2
aim	nv	2
air	n	1
aircraft	n	2
airline	n	3
airplane	n	1
airport	n	1
airtight	j	6
airway	n	6
aisle	n	5
alarm	nv	2
album	n	2
alcohol	n	4
alcoholic	jn	5
alert	jnv	4
algebra	n	6
alien	jn	5
alienate	v	6
align	v	6
alike	bj	2
alive	j	2
all	bjnr	1
allege	v	6
allergic	j	5
allergy	n	5
alley	n	3
alliance	n	5
alligator	n	6
allocate	v	5
allow	v	1
allowance	n	4
ally	nv	5
almond	n	3
almost	b	1
alone	bj	2
along	bp	1
alongside	bp	5
aloud	b	2
alphabet	n	3
already	b	1
also	b	1
alter	v	5
alternate	jnv	5
alternative	jn	4
although	c	1
altitude	n	6
altogether	b	2
aluminum	n	6
always	b	1
am	b	1
amateur	jn	4
amaze	v	3
amazement	n	3
ambassador	n	3
ambiguity	n	6
ambiguous	j	4
ambition	n	3
ambitious	j	4
ambulance	n	3
amend	v	5
america 	n	7
amid	p	6
amidst	p	6
among	p	2
amount	nv	2
ample	j	5
amplify	v	6
amuse	v	4
amusement	n	4
an	a	1
analogy	n	6
analysis	n	4
analyst	n	5
analytical	j	6
analyze	v	4
ancestor	n	4
anchor	nv	6
ancient	j	2
and	c	1
angel	n	3
anger	n	2
angle	n	2
angry	j	1
animal	n	1
animate	jv	6
ankle	n	2
anniversary	n	4
announce	v	3
announcement	n	3
annoy	v	4
annoyance	n	6
annual	j	4
anonymous	j	5
another	jr	1
answer	nv	1
ant	n	1
antarctica	n	7
anthem	n	6
antibiotic	jn	6
anticipate	v	5
anticipation	n	6
antique	jn	5
antonym	n	6
anxiety	n	4
anxious	j	3
any	bjr	1
anybody	r	1
anyhow	b	3
anyone	r	1
anyplace	b	2
anything	r	1
anytime	b	2
anyway	b	2
anywhere	b	2
apart	b	3
apartment	n	1
ape	n	2
apologize	v	3
apology	n	4
apparent	j	4
appeal	nv	3
appear	v	1
appearance	n	2
appetite	n	2
applaud	v	6
applause	n	5
apple	n	1
appliance	n	5
applicable	j	6
applicant	n	4
application	n	4
apply	v	2
appoint	v	4
appointment	n	4
appreciate	v	2
appreciation	n	4
apprentice	n	6
approach	nv	2
appropriate	j	4
approval	n	4
approve	v	3
approximate	jv	6
apr	n	7
april	n	7
apron	n	3
apt	j	5
aquarium	n	4
arch	nv	4
archaeology	n	6
architect	n	5
architecture	n	5
archive	n	6
arctic 	n	7
area	n	1
arena	n	5
argentina 	n	7
argue	v	2
argument	n	2
arise	v	4
arithmetic	jn	6
arm	nv	1
armed	j	3
arms	n	4
army	n	2
around	bp	1
arouse	v	5
arrange	v	2
arrangement	n	2
array	n	5
arrest	nv	3
arrival	n	2
arrive	v	1
arrogant	j	5
arrow	n	2
art	n	1
article	n	2
article	n	7
articulate	jv	5
artificial	j	4
artist	n	2
artistic	j	4
as	bcp	1
ascend	v	6
ash	n	3
ashamed	j	4
asia	n	7
aside	b	3
ask	v	1
asleep	j	2
aspect	n	4
aspire	v	6
aspirin	n	4
ass	n	5
assassinate	v	6
assault	nv	5
assemble	v	4
assembly	n	4
assert	v	5
assess	v	5
assessment	n	5
asset	n	5
assign	v	4
assignment	n	4
assist	v	3
assistance	n	4
assistant	n	3
associate	jnv	4
association	n	4
assume	v	3
assumption	n	5
assurance	n	4
assure	v	4
asthma	n	6
astonish	v	5
astonishment	n	5
astray	bj	6
astronaut	n	6
astronomer	n	6
astronomy	n	6
at	p	1
athlete	n	3
athletic	j	4
athletics	n	5
atlantic 	n	7
atmosphere	n	4
atom	n	4
atomic	j	4
attach	v	4
attachment	n	4
attack	nv	1
attain	v	6
attainment	n	6
attempt	nv	2
attend	v	2
attendance	n	5
attendant	n	6
attention	n	2
attic	n	5
attitude	n	3
attorney	n	5
attract	v	3
attraction	n	4
attractive	j	3
attribute	v	5
auction	nv	5
audience	n	3
audio	j	4
audit	n	6
auditorium	n	6
aug 	n	7
august 	n	7
aunt	n	1
australia 	n	7
australia 	n	7
authentic	j	4
author	nv	2
authority	n	4
authorize	v	5
auto	n	3
autobiography	n	4
autograph	nv	4
automatic	j	3
automobile	n	3
autonomy	n	5
autumn 	n	7
auxiliary	n	7
available	j	2
avenue	n	3
average	jnv	2
avert	v	6
aviation	n	6
avoid	v	2
await	v	4
awake	jv	3
awaken	v	3
award	nv	3
aware	j	3
away	b	1
awe	nv	5
awesome	j	6
awful	j	3
awhile	b	6
awkward	j	3
baby	n	1
bachelor	n	6
back	bjnv	1
backbone	n	6
background	n	3
backpack	nv	2
backward	b	2
backward	j	2
backwards	b	2
backyard	n	5
bacon	n	3
bacteria	n	3
bad	j	1
badge	n	6
badly	b	3
badminton	n	2
bag	n	1
baggage	n	3
bait	nv	3
bake	v	2
bakery	n	2
balance	nv	2
balcony	n	2
bald	j	4
ball	nv	1
ballet	n	4
balloon	n	2
ballot	nv	5
bamboo	n	3
ban	nv	5
banana	n	1
band	n	1
bandage	nv	4
bang	bnv	3
bank	nv	1
banker	n	3
bankrupt	jnv	4
banner	n	5
banquet	nv	6
bar	nv	2
barbarian	jn	6
barbecue	nv	2
barber	n	2
bare	jv	3
barely	b	3
bargain	nv	4
bark	nv	2
barn	n	3
barrel	n	3
barren	j	5
barrier	n	4
base	nv	2
baseball	n	1
basement	n	3
basic	j	2
basics	n	2
basin	n	4
basis	n	2
basket	n	1
basketball	n	1
bass	jn	6
bat	nv	1
batch	n	5
bath	n	1
bathe	v	2
bathroom	n	1
batter	nv	6
battery	n	4
battle	nv	2
bay	n	3
be	vx	1
beach	nv	1
bead	n	3
beam	nv	3
bean	n	1
bear	nv	1
beard	n	2
beast	n	3
beat	nv	2
beautiful	j	1
beautify	v	6
beauty	n	2
because	c	1
become	v	1
bed	n	1
bedroom	n	1
bee	n	1
beef	n	1
beep	nv	6
beer	n	2
beetle	n	3
before	bcp	1
beforehand	b	6
beg	v	2
beggar	n	4
begin	v	1
beginner	n	2
behalf	n	5
behave	v	2
behavior	n	4
behind	bp	1
being	n	2
belief	n	2
believe	v	1
bell	n	1
belong	v	1
belongings	n	5
beloved	jn	5
below	bp	1
belt	nv	1
bench	n	1
bend	nv	2
beneath	p	3
beneficial	j	5
benefit	nv	3
berry	n	3
beside	p	1
besides	bp	3
best	bjnv	1
bet	nv	3
betray	v	5
better	bjnv	2
between	bp	1
beverage	n	6
beware	v	5
beyond	bp	2
bias	nv	5
bicycle	n	1
bid	nv	5
big	j	1
bike	n	1
bilateral	j	6
bill	nv	2
billion	n	2
billion 	mn	7
billionth 	bjn	7
bin	n	4
bind	v	3
biography	n	4
biological	j	5
biology	n	4
bird	n	1
birth	n	2
biscuit	n	2
bit	n	2
bite	nv	1
bitter	j	3
bizarre	j	5
black	jn	1
blackboard	n	2
blade	n	4
blame	nv	2
blank	jn	2
blanket	nv	2
blast	nv	5
blaze	nv	6
bleach	nv	6
bleed	v	3
blend	nv	4
bless	v	3
blessing	n	4
blind	jv	1
blink	nv	4
block	nv	1
blond	jn	6
blonde	jn	6
blood	n	2
bloody	j	3
bloom	nv	4
blossom	nv	4
blot	nv	6
blouse	n	3
blow	v	1
blue	jn	1
blunt	jv	6
blur	nv	5
blush	nv	5
board	nv	2
boast	nv	4
boat	n	1
bodily	bj	6
body	n	1
bodyguard	n	5
boil	nv	2
bold	j	3
bolt	nv	5
bomb	nv	3
bond	nv	4
bone	n	2
bonus	n	5
book	nv	1
bookcase	n	3
booklet	n	6
bookstore	n	2
boom	nv	5
boost	nv	5
boot	nv	3
booth	n	5
border	nv	2
bore	nv	3
bored	j	1
boredom	n	5
boring	j	1
born	j	1
borrow	v	1
bosom	n	6
boss	nv	1
both	bjr	1
bother	nv	2
bottle	nv	1
bottom	jnv	1
boulevard	n	6
bounce	nv	4
bound	nv	5
boundary	n	5
bow	nv	1
bowl	n	1
bowling	n	3
box	nv	1
boxer	n	5
boxing	n	6
boy	n	1
boycott	nv	6
bra	n	6
brace	nv	6
bracelet	n	4
brain	n	2
brake	nv	3
branch	nv	2
brand	n	2
brass	jn	3
brassiere	n	6
brave	j	1
bravery	n	3
brazil	n	7
bread	n	1
breadth	n	6
break	nv	1
breakdown	n	6
breakfast	nv	1
breakthrough	n	5
breakup	n	6
breast	n	3
breath	n	3
breathe	v	3
breed	nv	4
breeze	nv	3
bribe	nv	6
brick	n	3
bride	n	3
bridegroom	n	4
bridge	nv	1
brief	jnv	2
briefcase	n	5
bright	bj	1
brilliant	j	2
bring	v	1
brink	n	6
broad	j	2
broadcast	nv	3
broaden	v	6
brochure	n	6
broil	v	6
broke	j	4
bronze	jn	5
brook	n	6
broom	n	4
broth	n	6
brother	n	1
brotherhood	n	6
brow	n	2
brown	jnv	1
browse	nv	5
bruise	nv	5
brunch	n	3
brush	nv	2
brutal	j	4
bubble	nv	3
bucket	n	3
bud	nv	3
buddhism 	n	7
buddhist 	jn	7
budget	nv	3
buffalo	n	3
buffet	n	3
bug	nv	1
build	v	1
building	n	2
bulb	n	3
bulk	n	5
bulky	j	6
bull	n	3
bullet	n	3
bulletin	n	4
bully	nv	5
bump	nv	3
bun	n	2
bunch	n	3
bundle	n	3
burden	nv	2
bureau	n	5
bureaucracy	n	5
bureaucrat	n	6
burger	n	2
burglar	n	4
burial	n	5
burn	nv	2
burst	nv	2
bury	v	3
bus	n	1
bush	n	3
business	n	1
businessman	n	2
busy	j	1
but	bcp	1
butcher	nv	5
butter	nv	1
butterfly	n	1
button	nv	1
buy	nv	1
buzz	nv	3
by	bp	1
bypass	nv	6
cab	n	1
cabbage	n	2
cabin	n	3
cabinet	n	4
cable	nv	3
cafe	n	2
cafeteria	n	3
caffeine	n	6
cage	nv	2
cake	n	1
calcium	n	5
calculate	v	4
calculation	n	4
calculator	n	6
calendar	n	2
call	nv	1
calligraphy	n	6
calm	jnv	2
calorie	n	4
camel	n	2
camera	n	1
camp	nv	1
campaign	nv	4
campus	n	3
can	nvx	1
canada	n	7
canal	n	5
cancel	v	2
cancer	n	2
candidate	n	4
candle	n	2
cane	n	4
canoe	nv	4
canvas	nv	5
canyon	n	3
cap	nv	1
capability	n	5
capable	j	3
capacity	n	4
cape	n	6
capital	jn	2
capital	n	4
capitalism	n	4
capitalist	n	4
capsule	n	6
captain	n	3
caption	nv	6
captive	jn	6
captivity	n	6
capture	nv	3
car	n	1
carbon	n	5
card	n	1
cardboard	n	6
cardinal	jn	6
care	nv	1
career	n	3
carefree	j	6
careful	j	1
caretaker	n	6
cargo	n	4
carnival	n	5
carpenter	n	3
carpet	nv	3
carriage	n	3
carrier	n	4
carrot	n	1
carry	v	1
cart	nv	3
carton	n	6
cartoon	nv	2
carve	v	4
case	nv	1
cash	nv	2
cashier	n	6
casino	n	5
cast	nv	3
castle	n	2
casual	j	3
casualty	n	6
cat	n	1
catalogue	nv	4
catastrophe	n	6
catch	nv	1
category	n	4
cater	v	6
caterpillar	n	6
cathedral	n	5
catholic	jn	7
catholicism	n	7
cattle	n	3
cause	nv	2
caution	nv	5
cautious	j	5
cave	nv	3
cavity	n	6
cease	nv	4
ceiling	n	2
celebrate	v	1
celebration	n	4
celebrity	n	5
celery	n	6
cell	n	2
cellphone	n	1
cellular	j	6
celsius	n	6
cement	nv	6
cemetery	n	5
census	n	6
cent	n	1
center	n	1
centimeter	n	2
central	j	2
century	n	2
ceramic	jn	6
cereal	n	2
ceremony	n	5
certain	jr	1
certainty	n	5
certificate	nv	5
certify	v	6
chain	nv	2
chair	n	6
chair	nv	1
chairman	n	6
chairperson	n	6
chairwoman	n	6
chalk	nv	2
challenge	nv	2
chamber	n	4
champagne	n	6
champion	n	3
championship	n	4
chance	nv	1
change	nv	1
channel	nv	2
chant	nv	6
chaos	n	5
chapel	n	5
chapter	n	2
character	n	2
characteristic	jn	4
characterize	v	5
charge	nv	2
charitable	j	6
charity	n	4
charm	nv	3
chart	n	2
chase	nv	2
chat	nv	3
cheap	bj	1
cheat	nv	2
check	nv	1
checkup	n	6
cheek	n	3
cheer	nv	2
cheerful	j	3
cheese	n	1
chef	n	5
chemical	jn	2
chemist	n	6
chemistry	n	4
cherish	v	4
cherry	jn	3
chess	n	2
chest	n	3
chestnut	jn	6
chew	nv	4
chicken	n	1
chief	jn	2
child	n	1
childhood	n	2
childish	j	2
chili	n	6
chill	jnv	3
chilly	j	3
chimney	n	3
chimpanzee	n	6
chin	n	3
china	n	2
china 	n	7
chip	nv	3
chirp	nv	6
chocolate	n	1
choice	jn	1
choir	n	5
choke	nv	4
cholesterol	n	6
choose	v	1
chop	nv	3
chopstick	n	2
chord	n	5
chore	n	5
chorus	n	4
christian	jn	7
christianity	n	7
chronic	j	5
chubby	j	5
chunk	n	5
church	n	1
cigar	n	6
cigarette	n	3
cinema	n	3
circle	nv	1
circuit	n	5
circular	j	4
circulate	v	4
circulation	n	4
circumstance	n	4
circus	n	3
cite	v	5
citizen	n	3
citizenship	n	5
city	n	1
civic	j	5
civil	j	3
civilian	jn	4
civilization	n	4
civilize	v	6
claim	nv	2
clam	n	6
clap	nv	2
clarify	v	4
clarity	n	5
clash	nv	4
clasp	nv	6
class	nv	1
classic	jn	2
classical	j	2
classification	n	4
classify	v	4
classmate	n	2
clause	n	5
claw	nv	4
clay	n	3
clean	bjnv	1
cleaner	n	3
clear	bjv	1
clearance	n	6
clerk	n	1
clever	j	2
click	nv	2
client	n	3
cliff	n	4
climate	n	2
climax	nv	6
climb	nv	1
cling	v	5
clinic	n	3
clinical	j	5
clip	nv	3
clock	n	1
clockwise	bj	6
clone	nv	6
close	bjnv	1
closet	n	3
closure	n	6
cloth	n	2
clothe	v	3
clothes	n	1
clothing	n	2
cloud	n	1
cloudy	j	2
clown	nv	3
club	nv	1
clue	n	3
clumsy	j	4
cluster	nv	5
coach	nv	3
coal	n	2
coalition	n	6
coarse	j	4
coast	n	2
coastline	n	6
coat	nv	1
cocaine	n	5
cock	n	3
cockroach	n	2
cocktail	n	3
cocoa	n	2
coconut	n	3
code	nv	4
coffee	n	1
coffin	n	5
cognitive	j	5
coherent	j	5
coin	nv	2
coincidence	n	5
coke	n	2
cola	n	2
cold	jn	1
collaboration	n	5
collapse	nv	4
collar	n	3
colleague	n	4
collect	v	1
collection	n	3
collective	jn	5
collector	n	5
college	n	2
collision	n	6
colloquial	j	6
colonial	jn	5
colony	n	3
color	nv	1
colorful	j	3
column	n	3
columnist	n	5
comb	nv	2
combat	nv	5
combination	n	4
combine	v	2
come	v	1
comedian	n	5
comedy	n	4
comet	n	6
comfort	nv	3
comfortable	j	1
comic	jn	2
comma	n	3
command	nv	2
commander	n	4
comment	nv	4
commentary	n	5
commentator	n	5
commerce	n	4
commercial	jn	2
commission	nv	5
commit	v	4
commitment	n	5
committee	n	3
commodity	n	5
common	jn	1
commonplace	jn	6
commonwealth	n	6
communicate	v	3
communication	n	4
communicative	j	6
communism	n	5
communist	jn	5
community	n	4
commute	v	5
commuter	n	5
compact	jnv	5
companion	n	4
company	n	2
comparable	j	5
comparative	j	6
compare	v	2
comparison	n	3
compass	nv	6
compassion	n	5
compassionate	j	5
compatible	j	5
compel	v	5
compensate	v	5
compensation	n	5
compete	v	3
competence	n	5
competent	j	5
competition	n	4
competitive	j	4
competitor	n	4
compile	v	6
complain	v	3
complaint	n	3
complement	nv	6
complete	jv	2
complex	jn	2
complexion	n	6
complexity	n	5
compliance	n	5
complicate	v	4
complication	n	5
compliment	nv	5
comply	v	5
component	jn	5
compose	v	4
composer	n	4
composition	n	4
compound	jnv	5
comprehend	v	5
comprehension	n	5
comprehensive	j	6
comprise	v	5
compromise	nv	5
compulsory	j	5
compute	v	6
computer	n	1
computerize	v	6
comrade	n	6
conceal	v	5
concede	v	5
conceive	v	5
concentrate	v	4
concentration	n	4
concept	n	4
conception	n	5
concern	nv	2
concerning	p	4
concert	n	3
concession	n	6
concise	j	6
conclude	v	2
conclusion	n	3
concrete	jnv	4
condemn	v	5
condense	v	6
condition	nv	2
conduct	nv	5
conductor	n	4
cone	n	3
confederation	n	6
conference	n	4
confess	v	4
confession	n	5
confidence	n	4
confident	j	2
confidential	j	5
confine	v	5
confirm	v	3
conflict	nv	2
conform	v	5
confront	v	5
confrontation	n	5
confuse	v	3
confusion	n	4
congratulate	v	4
congratulation	n	2
congress	n	4
congressman	n	6
congresswoman	n	6
conjunction 	n	7
connect	v	3
connection	n	2
conquer	v	4
conquest	n	6
conscience	n	4
conscientious	j	6
conscious	j	3
consecutive	j	5
consensus	n	5
consent	nv	5
consequence	n	4
consequent	j	4
conservation	n	5
conservative	jn	4
conserve	nv	6
consider	v	2
considerable	j	3
considerate	j	5
consideration	n	2
consist	v	4
consistent	j	4
consolation	n	6
console	nv	6
consonant	n	6
conspiracy	n	6
constant	jn	3
constitute	v	4
constitution	n	4
constitutional	jn	5
constraint	n	5
construct	v	4
construction	n	4
constructive	j	4
consult	v	4
consultant	n	4
consultation	n	5
consume	v	4
consumer	n	4
consumption	n	5
contact	nv	2
contagious	j	5
contain	v	2
container	n	4
contaminate	v	5
contemplate	v	5
contemporary	jn	5
contempt	n	5
contend	v	5
content	jn	4
content	v	4
contention	n	6
contentment	n	4
contest	nv	4
contestant	n	6
context	n	4
continent	n	3
continental	j	5
continual	j	4
continue	v	2
continuity	n	6
continuous	j	4
contract	nv	2
contractor	n	5
contradict	v	6
contradiction	n	5
contrary	jn	4
contrast	nv	4
contribute	v	4
contribution	n	4
control	nv	2
controller	n	3
controversial	j	5
controversy	n	5
convene	v	6
convenience	n	4
convenient	j	1
convention	n	4
conventional	j	4
conversation	n	2
converse	v	4
conversion	n	5
convert	v	5
convey	v	4
convict	nv	5
conviction	n	5
convince	v	4
cook	nv	1
cooker	n	3
cookie	n	1
cool	jnv	1
cooperate	v	4
cooperation	n	4
cooperative	jn	4
coordinate	jnv	5
cop	n	2
cope	v	4
copper	jn	4
copy	nv	1
copyright	nv	5
coral	jn	6
cord	n	4
core	n	5
corn	n	2
corner	n	1
corporate	j	5
corporation	n	5
corpse	n	6
correct	jv	1
correlation	n	5
correspond	v	4
correspondence	n	6
correspondent	n	5
corridor	n	5
corrupt	jv	5
corruption	n	5
cosmetic	j	6
cosmetics	n	6
cost	nv	1
costly	j	3
costume	n	4
cottage	n	4
cotton	n	3
couch	nv	1
cough	nv	3
council	n	4
counsel	nv	5
counselor	n	5
count	nv	1
countable	j	3
counter	bjnv	4
counterpart	n	6
country	n	1
countryside	n	2
county	n	3
couple	nv	2
coupon	n	6
courage	n	2
courageous	j	4
course	nv	1
court	n	2
courteous	j	5
courtesy	n	4
courtyard	n	6
cousin	n	1
cover	nv	1
coverage	n	5
cow	n	1
coward	n	4
cowardly	j	6
cowboy	n	2
cozy	j	6
crab	n	3
crack	nv	4
crackdown	n	6
cracker	n	6
cradle	nv	3
craft	n	4
cram	v	6
cramp	nv	6
crane	nv	3
crash	nv	3
crater	nv	6
crawl	nv	3
crayon	n	2
crazy	j	1
cream	jn	2
create	v	2
creation	n	4
creative	j	3
creativity	n	4
creator	n	3
creature	n	3
credibility	n	5
credible	j	6
credit	nv	3
creek	n	5
creep	v	4
crew	n	3
cricket	n	3
crime	n	2
criminal	jn	3
cripple	nv	5
crisis	n	2
crispy	j	3
criteria	n	5
criterion	n	5
critic	n	4
critical	j	4
criticism	n	4
criticize	v	4
crocodile	n	6
crop	nv	3
cross	nv	1
crossing	n	6
crow	n	2
crowd	nv	2
crown	nv	3
crucial	j	5
crude	j	5
cruel	j	3
cruelty	n	4
cruise	nv	5
crunchy	j	4
crush	nv	4
crutch	n	6
cry	nv	1
crystal	jn	5
cub	n	6
cube	nv	4
cucumber	n	6
cue	nv	4
cuisine	n	5
cultivate	v	6
cultural	j	2
culture	n	2
cumulative	j	6
cunning	jn	4
cup	n	1
cupboard	n	3
curb	nv	6
cure	nv	2
curfew	n	6
curiosity	n	4
curious	j	2
curl	nv	4
currency	n	5
current	jn	2
curriculum	n	5
curry	n	6
curse	nv	4
curtain	nv	2
curve	nv	4
cushion	nv	4
custody	n	5
custom	n	2
customary	j	6
customer	n	2
customs	n	5
cut	nv	1
cute	j	1
cycle	nv	2
cynical	j	6
daily	bjn	2
dairy	n	3
dam	nv	3
damage	nv	2
damp	jnv	4
dance	nv	1
dancer	n	2
danger	n	2
dangerous	j	1
dare	vx	3
dark	jn	1
darling	jn	3
dash	nv	3
data	n	2
database	n	3
date	nv	1
daughter	n	1
dawn	nv	3
day	n	1
dazzle	nv	6
dead	j	1
deadline	n	4
deadly	bj	5
deaf	j	2
deafen	v	6
deal	nv	1
dealer	n	3
dear	bjn	1
death	n	1
debate	nv	2
debris	n	5
debt	n	2
debut	n	5
dec 	n	7
decade	n	3
decay	nv	5
deceive	v	5
december 	n	7
decent	j	5
decide	v	1
decision	n	2
decisive	j	6
deck	n	3
declaration	n	5
declare	v	4
decline	nv	5
decorate	v	3
decoration	n	4
decrease	nv	3
dedicate	v	5
dedication	n	6
deduct	v	6
deed	n	3
deem	v	6
deep	bj	1
deepen	v	3
deer	n	2
default	nv	6
defeat	nv	4
defect	nv	6
defend	v	4
defendant	n	5
defense	n	4
defensible	j	4
defensive	j	4
defiance	n	6
deficit	n	5
define	v	1
definite	j	4
definition	n	3
definitive	j	6
defy	v	5
degree	n	2
delay	nv	2
delegate	nv	5
delegation	n	5
deliberate	jv	5
delicate	j	4
delicious	j	2
delight	nv	4
delightful	j	4
deliver	v	2
delivery	n	2
demand	nv	4
democracy	n	3
democrat	n	5
democratic	j	3
demonstrate	v	4
demonstration	n	4
denial	n	5
dense	j	4
density	n	5
dental	j	6
dentist	n	2
deny	v	2
depart	v	4
department	n	2
departure	n	4
depend	v	2
dependent	jn	4
depict	v	5
deplete	v	6
deploy	v	5
deposit	nv	3
depress	v	5
depression	n	4
deprive	v	6
depth	n	2
deputy	n	5
derive	v	5
descend	v	5
descent	n	6
describe	v	2
description	n	2
descriptive	j	5
desert	nv	2
deserve	v	4
design	nv	2
designer	n	3
desirable	j	3
desire	nv	3
desk	n	1
despair	nv	5
desperate	j	4
despise	v	6
despite	p	4
dessert	n	3
destination	n	5
destined	j	6
destiny	n	5
destroy	v	3
destruction	n	4
destructive	j	5
detach	v	6
detail	nv	2
detain	v	6
detect	v	3
detective	jn	4
detention	n	6
deter	v	6
detergent	n	6
determination	n	4
determine	v	3
develop	v	2
development	n	2
device	n	4
devil	n	3
devise	v	4
devote	v	4
devotion	n	5
devour	v	6
dew	n	4
diabetes	n	6
diagnose	v	5
diagnosis	n	5
diagram	nv	4
dial	nv	2
dialect	n	5
dialogue	n	2
diameter	n	5
diamond	n	2
diaper	n	5
diary	n	2
dictate	v	6
dictation	n	6
dictator	n	6
dictatorship	n	6
dictionary	n	1
die	v	1
diesel	n	6
diet	nv	2
differ	v	4
difference	n	2
different	j	1
differentiate	v	6
difficult	j	1
difficulty	n	2
dig	nv	1
digest	nv	4
digestion	n	5
digital	j	4
dignity	n	4
dilemma	n	5
diligence	n	4
diligent	j	4
dim	jv	3
dime	n	3
dimension	n	5
diminish	v	5
dine	v	3
dinner	n	1
dinosaur	n	3
dip	nv	3
diploma	n	4
diplomacy	n	6
diplomat	n	4
diplomatic	j	5
direct	bjv	2
direction	n	2
directive	n	6
director	n	2
directory	n	5
dirt	n	3
dirty	jv	1
disability	n	4
disable	v	6
disadvantage	nv	4
disagree	v	2
disagreement	n	2
disappear	v	2
disappoint	v	4
disappointment	n	4
disapprove	v	5
disaster	n	4
disastrous	j	6
disbelief	n	6
disc	n	3
discard	nv	6
discharge	nv	6
disciple	n	6
disciplinary	j	6
discipline	nv	4
disclose	v	5
disclosure	n	6
discomfort	nv	6
disconnect	v	5
discount	nv	3
discourage	v	4
discouragement	n	4
discourse	n	5
discover	v	2
discovery	n	2
discreet	j	6
discriminate	v	5
discrimination	n	5
discuss	v	2
discussion	n	2
disease	n	2
disgrace	nv	6
disguise	nv	4
disgust	nv	4
dish	nv	1
dishonest	j	3
disk	n	3
dislike	nv	3
dismay	nv	6
dismiss	v	4
disorder	nv	4
dispensable	j	6
dispense	v	6
display	nv	2
disposable	jn	6
disposal	n	6
dispose	v	6
dispute	nv	4
disrupt	v	5
dissent	n	6
dissolve	v	5
distance	n	2
distant	j	2
distinct	j	4
distinction	n	5
distinctive	j	5
distinguish	v	4
distinguished	j	4
distract	v	5
distraction	n	6
distress	nv	6
distribute	v	4
distribution	n	4
district	n	4
disturb	v	4
disturbance	n	6
ditch	nv	3
dive	nv	3
diverse	j	4
diversify	v	6
diversion	n	6
diversity	n	4
divert	v	6
divide	nv	2
dividend	n	6
divine	j	4
division	n	2
divorce	nv	4
dizzy	j	3
do	vx	1
doc	n	1
dock	nv	3
doctor	n	1
doctrine	n	5
document	nv	5
documentary	jn	5
dodge	nv	4
dog	n	1
doll	n	1
dollar	n	1
dolphin	n	3
domain	n	5
dome	nv	5
domestic	j	2
dominant	j	4
dominate	v	4
donate	v	5
donation	n	5
donkey	n	3
donor	n	5
doom	nv	6
door	n	1
doorway	n	5
dorm	n	6
dormitory	n	6
dose	nv	3
dot	nv	2
double	bjnv	2
doubt	nv	2
doubtful	j	3
dough	n	5
doughnut	n	3
dove	n	2
down	bjnpv	1
download	v	2
downstairs	bjn	2
downtown	bjn	3
downward	b	6
downwards	b	6
doze	nv	6
dozen	n	1
draft	nv	4
drag	nv	3
dragon	n	2
dragonfly	n	3
drain	nv	3
drama	n	2
dramatic	j	3
drastic	j	6
draught	n	6
draw	nv	1
drawer	n	2
drawing	n	2
dread	nv	4
dreadful	j	5
dream	nv	1
dress	nv	1
dresser	n	6
dressing	n	6
drift	nv	4
drill	nv	4
drink	nv	1
drip	nv	3
drive	nv	1
driver	n	1
driveway	n	5
drop	nv	1
drought	n	5
drown	v	3
drowsy	j	4
drug	nv	2
drugstore	n	3
drum	nv	1
drunk	jn	3
dry	jv	1
dryer	n	2
dual	j	6
dubious	j	6
duck	nv	1
due	bjn	2
dull	jv	2
dumb	j	3
dump	nv	3
dumpling	n	3
durable	j	4
duration	n	6
during	p	1
dusk	n	6
dust	nv	3
dusty	j	4
duty	n	2
dwarf	nv	6
dwell	v	6
dwelling	n	6
dye	nv	4
dynamic	j	4
dynasty	n	4
each	bjr	1
eager	j	3
eagle	n	2
ear	n	1
early	bj	1
earn	v	2
earnest	jn	4
earphone	n	4
earring	n	2
earth	n	1
earthquake	n	2
ease	nv	2
east	bjn	1
eastern	j	2
eastern orthodox	j	7
eastern orthodoxy 	n	7
easy	j	1
eat	v	1
eccentric	jn	6
echo	nv	3
eclipse	nv	6
ecological	j	5
ecology	n	5
economic	j	4
economical	j	4
economics	n	4
economist	n	4
economy	n	4
ecosystem	n	5
edge	nv	2
edible	j	6
edit	v	3
edition	n	2
editor	n	3
editorial	jn	6
educate	v	3
education	n	2
educational	j	3
effect	nv	2
effective	j	2
efficiency	n	4
efficient	j	3
effort	n	2
egg	n	1
ego	n	5
eight 	jmnr	7
eighteen	jmnr	7
eighteenth	bjn	7
eighth	bjn	7
eightieth 	bjn	7
eighty	jmnr	7
either	bcjr	1
elaborate	jv	5
elastic	jn	4
elbow	nv	3
elder	jn	2
elderly	j	3
elect	jv	3
election	n	3
electric	j	2
electrical	j	2
electrician	n	6
electricity	n	3
electronic	j	3
electronics	n	4
elegant	j	4
element	n	3
elementary	j	4
elephant	n	1
elevate	v	6
elevator	n	3
eleven	jmnr	7
eleventh	bjn	7
eligible	j	5
eliminate	v	4
eloquent	j	5
else	b	1
elsewhere	b	4
email	nv	1
embarrass	v	4
embarrassment	n	4
embassy	n	4
embrace	nv	5
emerge	v	4
emergency	n	3
emigrant	n	6
emigrate	v	6
emigration	n	6
emission	n	5
emotion	n	2
emotional	j	3
emperor	n	3
emphasis	n	4
emphasize	v	2
empire	n	4
employ	v	2
employee	n	2
employer	n	2
employment	n	2
empty	jv	2
enable	v	3
enclose	v	4
encounter	nv	4
encourage	v	2
encouragement	n	2
encyclopedia	n	6
end	nv	1
endanger	v	4
endeavor	nv	6
ending	n	2
endorse	v	5
endorsement	n	5
endowment	n	6
endurance	n	6
endure	v	4
enemy	n	2
energetic	j	3
energy	n	2
enforce	v	4
enforcement	n	4
engage	v	3
engagement	n	3
engine	n	2
engineer	n	1
engineering	n	4
enhance	v	6
enhancement	n	6
enjoy	v	1
enjoyable	j	3
enjoyment	n	1
enlarge	v	4
enlargement	n	4
enlighten	v	6
enlightenment	n	6
enormous	j	4
enough	bjn	1
enrich	v	6
enrichment	n	6
enroll	v	6
enrollment	n	6
ensure	v	4
enter	v	1
enterprise	n	5
entertain	v	4
entertainment	n	4
enthusiasm	n	4
enthusiastic	j	5
entire	j	2
entitle	v	5
entity	n	5
entrance	n	2
entrepreneur	n	5
entry	n	3
envelope	n	1
envious	j	5
environment	n	2
environmental	j	2
envision	v	5
envy	nv	3
epidemic	jn	5
episode	n	5
equal	jnv	2
equality	n	4
equalize	v	6
equate	v	6
equation	n	5
equip	v	4
equipment	n	4
equity	n	5
equivalent	jn	5
era	n	4
erase	v	3
eraser	n	1
erect	jv	5
errand	n	5
error	n	1
erupt	v	5
escalator	n	5
escape	nv	2
escort	nv	6
especially	b	2
essay	n	2
essence	n	5
essential	jn	4
establish	v	4
establishment	n	4
estate	n	5
esteem	nv	6
estimate	nv	4
eternal	j	5
eternity	n	6
ethic	n	5
ethical	j	5
ethnic	jn	4
europe	n	7
evacuate	v	6
evaluate	v	4
evaluation	n	4
eve	n	2
even	bjv	1
evening	n	1
event	n	2
eventual	j	4
ever	b	1
evergreen	jn	6
every	j	1
everybody	r	1
everyone	r	1
everything	r	1
evidence	nv	4
evident	j	4
evil	jn	2
evoke	v	6
evolution	n	5
evolve	v	5
exact	j	2
exaggerate	v	4
exaggeration	n	5
exam	n	2
examination	n	2
examine	v	2
examinee	n	6
examiner	n	6
example	n	1
exceed	v	5
excel	v	6
excellence	n	3
excellent	j	1
except	cp	1
exception	n	4
exceptional	j	5
excerpt	nv	6
excess	jn	6
excessive	j	5
exchange	nv	3
excite	v	2
excited	j	1
excitement	n	2
exciting	j	1
exclaim	v	5
exclude	v	5
exclusion	n	6
exclusive	j	5
excuse	nv	2
execute	v	5
execution	n	5
executive	jn	5
exempt	j	6
exercise	nv	1
exert	v	6
exhaust	nv	4
exhibit	nv	4
exhibition	n	3
exile	nv	5
exist	v	2
existence	n	2
exit	nv	2
exotic	jn	5
expand	v	4
expansion	n	4
expect	v	1
expectation	n	3
expedition	n	5
expenditure	n	6
expense	n	2
expensive	j	1
experience	nv	1
experiment	nv	3
experimental	j	4
expert	jn	2
expertise	n	5
expiration	n	6
expire	v	6
explain	v	1
explanation	n	4
explicit	j	5
explode	v	3
exploit	nv	5
exploration	n	5
explore	v	3
explosion	n	4
explosive	jn	4
export	nv	3
expose	v	4
exposure	n	4
express	bjnv	2
expression	n	2
expressive	j	3
extend	v	4
extension	n	5
extensive	j	5
extent	n	4
exterior	jn	5
external	jn	5
extinct	j	5
extra	bjn	2
extract	nv	6
extracurricular	j	6
extraordinary	j	5
extreme	jn	3
eye	n	1
eyebrow	n	2
eyelash	n	6
eyelid	n	6
eyesight	n	6
fable	n	6
fabric	n	5
fabulous	j	5
face	nv	1
facial	j	4
facilitate	v	5
facility	n	4
fact	n	1
faction	n	6
factor	n	2
factory	n	1
faculty	n	5
fade	v	3
fahrenheit	n	6
fail	nv	1
failure	n	2
faint	jnv	3
fair	bjn	2
fairly	b	3
fairy	jn	3
faith	n	3
faithful	j	4
fake	jnv	3
fall	nv	1
fall 	n	7
false	j	2
falter	v	6
fame	n	4
familiar	j	3
familiarity	n	6
family	n	1
famous	j	1
fan	nv	1
fancy	jnv	3
fantastic	j	4
fantasy	n	4
far	bj	1
fare	n	3
farewell	n	4
farm	nv	1
farmer	n	1
farther	bj	3
fascinate	v	5
fascination	n	6
fashion	nv	2
fashionable	j	3
fast	bj	1
fasten	v	4
fat	jn	1
fatal	j	4
fate	n	2
father	n	1
fatigue	nv	5
faucet	n	3
fault	nv	2
favor	nv	2
favorable	j	4
favorite	jn	2
fax	nv	4
fear	nv	2
fearful	j	3
feasible	j	6
feast	nv	4
feather	n	3
feature	nv	2
feb 	n	7
february 	n	7
federal	j	5
fee	n	2
feeble	j	6
feed	nv	1
feedback	n	4
feel	nv	1
feeling	n	2
fellow	n	2
female	jn	2
feminine	jn	6
fence	n	3
ferry	nv	4
fertile	j	4
fertility	n	6
fertilizer	n	6
festival	n	1
fetch	nv	4
fever	n	2
few	jr	1
fiance	n	6
fiancé	n	6
fiber	n	5
fiction	n	4
field	n	2
fierce	j	4
fifteen 	jmnr	7
fifteenth 	bjn	7
fifth 	bjn	7
fiftieth	bjn	7
fifty 	jmnr	7
fight	nv	1
fighter	n	3
figure	nv	2
file	nv	1
fill	nv	1
film	n	1
filter	nv	5
fin	n	6
final	jn	2
finally	b	1
finance	nv	4
financial	j	4
find	nv	1
fine	bjnv	1
finger	nv	1
finish	nv	1
finite	j	6
fire	nv	1
firecracker	n	6
fireman	n	2
fireplace	n	4
fireproof	j	6
firewoman	n	2
firework	n	3
firm	bjnv	2
first	bjn	1
first 	bjn	7
fiscal	j	5
fish	nv	1
fisherman	n	2
fishery	n	6
fist	nv	3
fit	bjnv	2
five	jmnr	7
fix	nv	2
flag	n	2
flake	nv	6
flame	nv	3
flash	nv	3
flashlight	n	3
flat	bjn	2
flatter	v	4
flavor	nv	3
flaw	nv	6
flea	n	4
flee	v	4
fleet	n	5
flesh	n	3
flexibility	n	5
flexible	j	4
flight	n	2
flip	nv	5
float	nv	3
flock	nv	3
flood	nv	3
floor	nv	1
flour	n	3
flourish	nv	6
flow	nv	2
flower	nv	1
flu	n	2
fluency	n	5
fluent	j	4
fluid	jn	5
flunk	nv	6
flush	nv	4
flute	n	3
fly	nv	1
foam	nv	4
focus	nv	2
foe	n	6
fog	nv	2
foggy	j	3
fold	nv	3
folk	n	2
folklore	n	6
follow	v	1
follower	n	3
following	jnp	2
fond	j	3
food	n	1
fool	nv	1
foolish	j	2
foot	nv	1
football	n	2
for	cp	1
forbid	v	4
force	nv	2
forecast	nv	4
foreign	j	1
foreigner	n	1
forest	n	2
forever	b	3
forge	v	5
forget	v	1
forgive	v	2
fork	n	1
form	nv	2
formal	j	2
format	nv	5
formation	n	4
former	j	2
formidable	j	6
formula	n	4
formulate	v	6
forsake	v	6
fort	n	4
forth	b	2
forthcoming	j	6
fortieth	bjn	7
fortify	v	6
fortunate	j	4
fortune	n	3
forty 	jmnr	7
forum	n	5
forward	b	2
forward	jnv	2
forwards	b	2
fossil	jn	4
foster	jv	5
foul	bjnv	5
found	v	2
foundation	n	4
founder	n	4
fountain	n	3
four	jmnr	7
fourteen	jmnr	7
fourteenth	bjn	7
fourth	bjn	7
fowl	n	6
fox	n	2
fraction	n	5
fracture	nv	6
fragile	j	4
fragment	nv	5
fragrance	n	6
fragrant	j	6
frame	nv	4
framework	n	5
france	n	7
franchise	n	5
frank	j	3
frantic	j	6
fraud	n	5
freak	nv	6
free	bjv	1
freedom	n	2
freeway	n	6
freeze	nv	3
freezer	n	3
freight	nv	5
frequency	n	4
frequent	jv	3
fresh	j	1
freshman	n	4
fri 	n	7
friction	n	6
friday 	n	7
fridge	n	2
friend	n	1
friendly	j	1
friendship	n	2
fries	n	2
fright	n	3
frighten	v	3
frog	n	1
from	p	1
front	jn	1
frontier	n	5
frost	nv	4
frown	nv	4
fruit	n	1
frustrate	v	4
frustration	n	4
fry	nv	2
fuel	nv	3
fulfill	v	4
fulfillment	n	4
full	j	1
fume	nv	6
fun	n	1
function	nv	2
functional	j	4
fund	nv	3
fundamental	jn	4
funeral	n	4
funny	j	1
fur	n	3
furious	j	4
furnish	v	4
furniture	n	2
further	bjv	2
furthermore	b	4
fury	n	6
fuse	nv	6
fuss	nv	6
future	jn	1
gain	nv	2
galaxy	n	5
gallery	n	4
gallon	n	3
gallop	nv	6
gamble	nv	3
game	n	1
gang	nv	3
gangster	n	6
gap	n	3
garage	n	3
garbage	n	2
garden	nv	1
gardener	n	2
garlic	n	2
garment	n	6
gas	n	3
gasoline	n	3
gasp	nv	5
gate	n	1
gather	v	2
gathering	n	5
gauge	nv	6
gay	jn	6
gaze	nv	4
gear	nv	4
gender	n	4
gene	n	4
general	jn	2
generate	v	5
generation	n	4
generator	n	5
generosity	n	4
generous	j	2
genetic	j	5
genetics	n	5
genius	n	4
genre	n	5
gentle	j	2
gentleman	n	2
genuine	j	4
geographical	j	6
geography	n	3
geometry	n	6
germ	n	4
germany 	n	7
gesture	nv	3
get	v	1
ghost	n	1
giant	jn	1
gift	n	1
gifted	j	4
gigantic	j	4
giggle	nv	4
ginger	n	4
giraffe	n	2
girl	n	1
give	v	1
glacier	n	6
glad	j	1
glamorous	j	6
glamour	n	6
glance	nv	3
glare	nv	5
glass	n	1
glasses	n	1
gleam	nv	6
glide	nv	6
glimpse	nv	4
glitter	nv	6
global	j	3
globe	n	4
gloom	nv	6
gloomy	j	5
glorious	j	4
glory	n	3
glove	n	1
glow	nv	3
glue	nv	2
go	nv	1
goal	n	2
goalkeeper	n	6
goat	n	2
god	n	1
goddess	n	1
gold	jn	2
golden	j	2
golf	nv	3
good	bjn	1
goodbye	n	1
goods	n	4
goodwill	n	6
goose	n	2
gorgeous	j	5
gorilla	n	6
gospel	n	6
gossip	nv	3
govern	v	2
government	n	2
governor	n	3
gown	n	4
grab	nv	3
grace	nv	4
graceful	j	4
gracious	j	4
grade	nv	1
gradual	j	2
graduate	nv	3
graduation	n	4
grain	n	2
gram	n	2
grammar	n	4
grammatical	j	4
grand	j	2
grandfather	n	1
grandmother	n	1
grant	nv	5
grape	n	2
grapefruit	n	6
graph	nv	4
graphic	jn	5
grasp	nv	3
grass	n	1
grasshopper	n	3
grassy	j	3
grateful	j	4
gratitude	n	4
grave	jn	4
gravity	n	5
gray	jnv	1
graze	v	6
grease	nv	6
greasy	j	4
great	jn	1
greed	n	5
greedy	j	3
green	jnv	1
greenhouse	n	3
greet	v	2
greeting	n	4
grief	n	4
grieve	v	5
grill	nv	5
grim	j	5
grin	nv	3
grind	nv	4
grip	nv	5
groan	nv	6
grocery	n	3
groom	n	4
gross	jnv	5
ground	nv	1
group	nv	1
grow	v	1
growl	nv	6
growth	n	2
grumble	nv	6
guarantee	nv	4
guard	nv	2
guardian	n	4
guava	n	2
guess	nv	1
guest	n	2
guidance	n	3
guide	nv	2
guideline	n	5
guilt	n	4
guilty	j	4
guitar	n	1
gulf	n	4
gull	n	6
gum	n	3
gun	nv	2
gut	nv	5
guy	n	1
gym	n	2
gymnasium	n	2
habit	n	1
habitat	n	5
habitual	j	4
hacker	n	6
hail	nv	6
hair	n	1
haircut	n	2
hairdresser	n	3
half	bjn	1
hall	n	2
hallway	n	3
halt	nv	4
ham	n	1
hamburger	n	2
hammer	nv	3
hamper	v	6
hand	nv	1
handful	n	3
handicap	nv	6
handicraft	n	6
handkerchief	n	3
handle	nv	2
handsome	j	2
handwriting	n	4
handy	j	3
hang	v	1
hanger	n	3
happen	v	1
happy	j	1
harass	v	6
harassment	n	6
harbor	nv	3
hard	bj	1
harden	v	6
hardly	b	2
hardship	n	4
hardware	n	4
harm	nv	3
harmful	j	3
harmonica	n	6
harmony	n	4
harness	nv	6
harsh	j	4
harvest	nv	3
haste	n	4
hasten	v	4
hasty	j	3
hat	n	1
hatch	nv	3
hate	nv	1
hateful	j	3
hatred	n	4
haul	nv	5
haunt	nv	6
have	vx	1
hawk	n	4
hay	n	3
hazard	nv	5
he	r	1
head	nv	1
headache	n	1
headline	nv	3
headphones	n	6
headquarters	n	3
heal	v	3
health	n	1
healthful	j	6
healthy	j	1
heap	nv	3
hear	v	1
heart	n	1
hearty	j	6
heat	nv	1
heater	n	3
heaven	n	2
heavy	j	1
hedge	nv	6
heel	nv	3
height	n	1
heighten	v	6
heir	n	5
helicopter	n	4
hell	n	3
hello	n	1
helmet	n	3
help	nv	1
helpful	j	1
hemisphere	n	6
hen	n	1
hence	b	5
her	r	1
herb	n	5
herd	nv	4
here	bn	1
heritage	n	5
hero	n	2
heroic	jn	6
heroin	n	6
heroine	n	2
hers	r	1
herself	r	1
hesitate	v	3
hesitation	n	4
heterosexual	jn	6
hide	v	1
hierarchy	n	6
high	bjn	1
highlight	nv	5
highly	b	2
highway	n	2
hijack	nv	6
hike	nv	2
hill	n	1
him	r	1
himself	r	1
hindu	jn	7
hinduism	n	7
hint	nv	3
hip	n	2
hippo	n	2
hippopotamus	n	2
hire	nv	3
his	r	1
historian	n	3
historic	j	3
historical	j	2
history	n	1
hit	nv	1
hive	n	4
hoarse	j	6
hobby	n	1
hockey	n	5
hold	nv	1
holder	n	3
hole	n	2
holiday	n	1
hollow	jnv	3
holy	j	3
home	bjnv	1
homeland	n	4
homesick	j	3
hometown	n	3
homework	n	1
homosexual	jn	6
honest	j	1
honesty	n	3
honey	n	1
honeymoon	nv	4
honor	nv	3
honorable	j	5
honorary	j	6
hook	nv	4
hop	nv	2
hope	nv	1
hopeful	j	3
horizon	n	4
horizontal	jn	5
hormone	n	5
horn	n	3
horrible	j	3
horrify	v	4
horror	n	3
horse	n	1
hose	nv	4
hospitable	j	6
hospital	n	1
hospitality	n	6
hospitalize	v	6
host	n	2
hostage	n	5
hostel	n	6
hostess	n	2
hostile	j	5
hostility	n	5
hot	j	1
hotel	n	1
hour	n	1
hourly	bj	3
house	nv	1
household	n	4
housekeeper	n	3
housewife	n	1
housework	n	4
housing	n	5
hover	nv	6
how	b	1
however	b	1
howl	nv	5
hug	nv	3
huge	j	2
hum	v	3
human	jn	2
humanity	n	4
humankind	n	3
humble	j	2
humid	j	3
humidity	n	4
humiliate	v	6
humor	n	3
humorous	j	3
hunch	nv	6
hundred	jn	1
hundred 	mn	7
hundredth 	bjn	7
hunger	n	3
hungry	j	1
hunt	nv	2
hunter	n	2
hurdle	nv	6
hurricane	n	4
hurry	nv	2
hurt	nv	1
husband	n	1
hush	nv	4
hut	n	3
hybrid	jn	6
hydrogen	n	4
hygiene	n	6
hypocrite	n	6
hypothesis	n	5
i	r	1
ice	n	1
iceberg	n	6
icon	n	5
icy	j	3
idea	n	1
ideal	jn	2
identical	j	4
identification	n	4
identify	v	4
identity	n	2
ideology	n	5
idiom	n	4
idiot	n	5
idle	jv	4
idol	n	4
if	c	1
ignorance	n	4
ignorant	j	4
ignore	v	2
ill	bjn	2
illuminate	v	6
illusion	n	5
illustrate	v	4
illustration	n	4
image	n	2
imaginary	j	4
imagination	n	3
imaginative	j	4
imagine	v	2
imitate	v	4
imitation	n	4
immediate	j	3
immense	j	5
immigrant	n	4
immigrate	v	4
immigration	n	4
imminent	j	6
immune	j	5
impact	nv	4
imperative	jn	6
imperial	j	6
implement	nv	5
implication	n	5
implicit	j	6
imply	v	4
import	nv	3
importance	n	2
important	j	1
impose	v	4
imposing	j	6
impress	v	3
impression	n	4
impressive	j	2
imprison	v	6
imprisonment	n	6
improve	v	2
improvement	n	2
impulse	n	5
in	bjp	1
incentive	jn	5
inch	n	1
incident	n	4
incline	nv	6
include	v	2
including	p	4
inclusive	j	6
income	n	2
incorporate	v	5
increase	nv	2
incredible	j	4
incur	v	6
indeed	b	2
independence	n	2
independent	j	2
index	nv	5
india 	n	7
indian 	n	7
indicate	v	2
indication	n	4
indifference	n	6
indifferent	j	5
indigenous	j	5
indignant	j	6
indispensable	j	5
individual	jn	2
indonesia 	n	7
indoor	j	3
indoors	b	3
induce	v	6
indulge	v	5
industrial	j	3
industrialize	v	6
industry	n	2
inevitable	j	5
infant	n	4
infect	v	5
infection	n	4
infectious	j	6
infer	v	6
inferior	jn	3
infinite	j	5
inflation	n	4
inflict	v	6
influence	nv	2
influential	j	4
inform	v	3
information	n	3
informative	j	4
infrastructure	n	5
ingredient	n	4
inhabit	v	6
inhabitant	n	6
inherent	j	5
inherit	v	5
initial	jnv	4
initiate	jnv	5
initiative	jn	5
inject	v	5
injection	n	5
injure	v	4
injury	n	3
injustice	n	6
ink	nv	2
inland	bjn	6
inn	n	3
inner	j	3
inning	n	5
innocence	n	4
innocent	j	3
innovation	n	5
innovative	j	5
innumerable	j	6
input	nv	4
inquire	v	6
inquiry	n	5
insane	j	5
insect	n	1
insert	nv	4
inside	bjnp	1
insight	n	5
insist	v	2
insistence	n	6
inspect	v	3
inspection	n	4
inspector	n	3
inspiration	n	4
inspire	v	4
install	v	4
installation	n	5
instance	n	2
instant	jn	2
instead	b	2
instinct	n	4
instinctive	j	6
institute	nv	5
institution	n	5
instruct	v	4
instruction	n	2
instructor	n	4
instrument	n	2
insult	nv	4
insurance	n	4
intact	j	5
intake	n	6
integrate	v	5
integration	n	5
integrity	n	5
intellect	n	6
intellectual	jn	4
intelligence	n	4
intelligent	j	3
intend	v	4
intense	j	4
intensify	v	5
intensity	n	4
intensive	j	4
intent	jn	5
intention	n	4
interact	v	4
interaction	n	4
interest	nv	1
interested	j	1
interesting	j	1
interfere	v	4
interference	n	5
interior	jn	5
intermediate	jnv	4
internal	j	2
international	j	2
internet	n	2
interpret	v	4
interpretation	n	5
interpreter	n	6
interrupt	v	3
interruption	n	4
intersection	n	6
interval	n	5
intervene	v	6
intervention	n	5
interview	nv	1
intimacy	n	6
intimate	jn	4
intimidate	v	6
into	p	1
intonation	n	6
intrigue	nv	6
introduce	v	2
introduction	n	2
intrude	v	6
intruder	n	6
intuition	n	4
invade	v	4
invaluable	j	6
invariably	b	6
invasion	n	4
invent	v	3
invention	n	4
inventor	n	3
inventory	nv	6
invest	v	4
investigate	v	3
investigation	n	4
investigator	n	5
investment	n	4
invitation	n	3
invite	v	1
involve	v	4
involvement	n	4
iron	jnv	2
ironic	j	6
irony	n	5
irritable	j	6
irritate	v	6
islam	n	7
island	n	1
isle	n	6
isolate	v	4
isolation	n	4
issue	nv	4
it	r	1
italy 	n	7
itch	nv	6
item	n	1
its	r	1
itself	r	1
ivory	jn	3
ivy	n	6
jacket	n	1
jade	n	6
jail	nv	3
jam	nv	2
jan	n	7
janitor	n	6
january	n	7
japan 	n	7
jar	n	3
jasmine	n	6
jaw	n	3
jazz	n	3
jealous	j	3
jealousy	n	4
jeans	n	1
jeep	n	3
jelly	n	3
jet	nv	3
jewel	n	3
jewelry	n	3
jewish	j	7
jingle	nv	6
job	n	1
jockey	nv	6
jog	nv	2
join	nv	1
joint	jn	2
joke	nv	1
jolly	bjnv	6
journal	n	2
journalism	n	5
journalist	n	5
journey	nv	3
joy	n	1
joyful	j	3
joyous	j	6
judaism	n	7
judge	nv	2
judgement	n	2
judgment	n	2
judicial	j	5
jug	nv	5
juice	n	1
juicy	j	3
jul 	n	7
july 	n	7
jump	nv	1
jun 	n	7
junction	n	6
june 	n	7
jungle	n	3
junior	jn	3
junk	nv	3
jury	n	5
just	bj	1
justice	n	2
justify	v	5
juvenile	jn	5
kangaroo	n	3
keen	j	4
keep	nv	1
keeper	n	2
ketchup	n	2
kettle	n	4
key	jnv	1
keyboard	n	3
kick	nv	1
kid	nv	1
kidnap	v	5
kidney	n	3
kill	nv	1
kilogram	n	2
kilometer	n	3
kin	jn	6
kind	jn	1
kindergarten	n	3
kindle	v	6
king	n	1
kingdom	n	3
kiss	nv	1
kit	n	3
kitchen	n	1
kite	n	1
knee	nv	1
kneel	v	4
knife	nv	1
knight	n	3
knit	nv	3
knob	n	4
knock	nv	1
knot	nv	3
know	v	1
knowledge	n	1
knowledgeable	j	6
koala	n	3
korea 	n	7
lab	n	4
label	nv	3
labor	nv	4
laboratory	n	4
lace	nv	3
lack	nv	2
lad	n	6
ladder	n	3
lady	n	2
ladybug	n	2
lag	nv	4
lake	n	1
lamb	nv	2
lamp	n	1
land	nv	1
landlady	n	6
landlord	n	5
landmark	n	4
landscape	nv	4
landslide	n	6
lane	n	2
language	n	1
lantern	n	2
lap	n	2
large	j	1
largely	b	4
laser	n	5
lash	n	6
last	bjnv	1
late	bj	1
lately	b	3
later	b	1
latest	j	2
latitude	n	6
latter	j	2
laugh	nv	1
laughter	n	3
launch	nv	4
laundry	n	3
lavish	j	6
law	n	2
lawful	j	4
lawmaker	n	5
lawn	n	3
lawsuit	n	5
lawyer	n	1
lay	v	2
layer	nv	5
layman	n	6
layout	n	6
lazy	j	1
lead	nv	1
leader	n	1
leadership	n	2
leaf	n	2
league	nv	5
leak	nv	3
lean	jv	4
leap	nv	3
learn	v	1
learned	j	4
learning	n	3
lease	n	6
least	bjr	1
leather	n	3
leave	nv	1
lecture	nv	4
lecturer	n	4
left	bjn	1
leg	n	1
legacy	n	5
legal	j	2
legend	n	4
legendary	j	5
legislation	n	5
legislative	j	5
legislator	n	6
legitimate	jv	5
leisure	n	3
leisurely	bj	4
lemon	n	1
lemonade	n	3
lend	v	2
length	n	2
lengthen	v	4
lengthy	j	6
lens	n	2
leopard	n	3
lesbian	j	6
less	bjpr	1
lessen	v	6
lesson	n	1
lest	c	5
let	v	1
lethal	j	6
letter	n	1
lettuce	n	3
level	jn	1
liability	n	5
liable	j	6
liar	n	4
liberal	j	2
liberate	v	6
liberation	n	6
liberty	n	3
librarian	n	4
library	n	1
license	nv	4
lick	nv	3
lid	n	2
lie	nv	1
lieutenant	n	6
life	n	1
lifeguard	n	4
lifelong	j	6
lifetime	n	3
lift	nv	2
light	bjnv	1
lighten	v	6
lighthouse	n	3
lightning	n	3
like	npv	1
likelihood	n	5
likely	bj	2
likewise	b	5
lily	n	3
limb	n	3
limit	nv	2
limitation	n	4
limp	nv	6
line	nv	1
linen	n	4
liner	n	6
linger	v	6
lining	n	6
link	nv	2
lion	n	1
lip	n	1
lipstick	n	4
liquid	n	2
liquor	n	4
list	nv	1
listen	v	1
listener	n	2
liter	n	6
literacy	n	6
literal	j	6
literary	j	4
literate	jn	6
literature	n	4
litter	nv	3
little	bjn	1
live	jv	1
lively	j	3
liver	n	2
livestock	n	6
lizard	n	6
load	nv	2
loaf	n	3
loan	nv	4
lobby	n	3
lobster	n	4
local	jn	2
locate	v	3
location	n	3
lock	nv	3
locker	n	6
lodge	nv	6
lofty	j	6
log	nv	3
logic	n	4
logical	j	4
logo	n	6
lollipop	n	3
lone	j	2
lonely	j	1
lonesome	j	6
long	bjv	1
longevity	n	6
longitude	n	6
look	nv	1
loop	n	5
loose	j	3
loosen	v	4
lord	n	3
lose	v	1
loser	n	3
loss	n	2
lot	n	1
lotion	n	6
lottery	n	6
lotus	n	6
loud	bj	1
loudspeaker	n	6
lounge	nv	5
lousy	j	4
love	nv	1
lovely	j	1
lover	n	3
low	bjn	1
lower	v	2
loyal	j	4
loyalty	n	4
luck	n	2
lucky	j	1
lucrative	j	6
luggage	n	3
lullaby	n	6
lump	nv	5
lunar	j	6
lunch	nv	1
lung	n	3
lure	nv	6
lush	j	6
luxurious	j	4
luxury	n	4
machine	nv	1
machinery	n	4
mad	j	1
madam	n	6
magazine	n	2
magic	jn	1
magical	j	3
magician	n	3
magnet	n	3
magnetic	j	4
magnificent	j	4
magnify	v	6
maid	n	3
maiden	jn	6
mail	nv	1
main	jn	1
mainland	n	6
mainstream	n	5
maintain	v	2
maintenance	n	5
majestic	j	6
majesty	n	6
major	jnv	2
majority	n	3
make	v	1
makeup	n	4
malaysia	n	7
male	jn	2
mall	n	3
mammal	n	5
man	nv	1
manage	v	2
management	n	2
manager	n	2
mandate	n	5
mango	n	2
manifest	jv	5
manipulate	v	5
mankind	n	3
manner	n	2
mansion	n	5
manual	jn	4
manufacture	nv	4
manufacturer	n	4
manuscript	n	6
many	jr	1
map	nv	1
maple	n	6
mar	n	7
mar	v	6
marathon	n	4
marble	n	3
march	n	7
march	nv	3
margin	n	4
marginal	j	6
marine	jn	5
mark	nv	1
marker	n	3
market	nv	1
marriage	n	2
married	j	1
marry	v	2
martial	j	6
marvel	nv	6
marvelous	j	3
masculine	jn	5
mask	nv	2
mass	n	2
massage	nv	5
massive	j	5
master	nv	2
masterpiece	n	5
mastery	n	6
mat	n	2
match	n	2
mate	nv	2
material	n	2
math	n	1
mathematical	j	3
mathematics	n	1
matter	nv	1
mattress	n	5
mature	j	2
maturity	n	4
maximum	jn	4
may	x	1
may 	n	7
maybe	b	1
mayor	n	3
ma’am	n	6
me	r	1
meadow	n	3
meal	n	1
mean	jv	1
meaning	n	2
meaningful	j	3
means	n	2
meantime	bn	5
meanwhile	bn	3
measurable	j	4
measure	n	4
measure	v	2
measurement	n	2
meat	n	1
mechanic	n	4
mechanical	j	4
mechanism	n	5
medal	n	3
media	n	1
media	n	3
mediate	v	6
medical	j	2
medication	n	5
medicine	n	1
medieval	j	6
meditate	v	6
meditation	n	6
medium	j	1
medium	n	3
meet	v	1
meeting	n	1
melancholy	jn	6
melody	n	2
melon	n	3
melt	v	3
member	n	1
membership	n	2
memorable	j	4
memorial	jn	4
memorize	v	4
memory	n	2
mend	v	3
mental	j	3
mentality	n	6
mention	nv	2
mentor	n	5
menu	n	1
merchandise	nv	6
merchant	n	4
mercy	n	4
mere	j	4
merge	v	5
merit	n	4
mermaid	n	6
merry	j	3
mess	nv	3
message	n	2
messenger	n	4
messy	j	4
metal	jn	2
metaphor	n	5
meter	n	2
method	n	2
metro	n	2
metropolitan	jn	5
mexico	n	7
microphone	n	3
microscope	n	4
microwave	nv	3
middle	jn	1
midnight	n	2
midst	np	5
mighty	j	3
migrant	jn	6
migration	n	5
mike	n	3
mild	j	4
mile	n	2
milestone	n	5
military	jn	2
milk	n	1
mill	nv	4
million	n	1
million 	mn	7
millionaire	n	4
millionth 	bjn	7
mimic	nv	6
mind	nv	1
mine	nv	1
mine	r	1
miner	n	4
mineral	n	4
mingle	v	6
miniature	jn	5
minimal	j	5
minimize	v	5
minimum	jn	4
minister	n	4
ministry	n	4
minor	jn	2
minority	n	2
mint	n	5
minus	jnp	3
minute	n	1
miracle	n	3
miraculous	j	6
mirror	nv	2
miscellaneous	j	6
mischief	n	4
mischievous	j	6
miserable	j	4
misery	n	3
misfortune	n	4
mislead	v	4
miss	nv	1
missile	n	3
missing	j	3
mission	n	3
missionary	jn	5
mist	nv	3
mistake	nv	1
mister	n	1
mistress	n	6
misunderstand	v	4
mix	nv	2
mixture	n	2
moan	nv	5
mob	nv	3
mobile	j	3
mobilize	v	6
mock	jnv	5
mode	n	5
model	nv	2
moderate	j	4
modern	j	1
modernization	n	6
modernize	v	6
modest	j	4
modesty	n	4
modify	v	5
moist	j	3
moisture	n	3
molecule	n	5
moment	n	1
momentum	n	6
mon 	n	7
monarch	n	6
monday	n	7
monetary	j	6
money	n	1
monitor	nv	4
monk	n	3
monkey	n	1
monopoly	n	5
monotony	n	6
monster	n	3
monstrous	j	6
month	n	1
monthly	bjn	3
monument	n	4
mood	n	2
moody	j	6
moon	n	1
mop	nv	2
moral	jn	3
morale	n	6
morality	n	5
more	bjr	1
moreover	b	4
morning	n	1
mortal	jn	6
mortality	n	5
mortgage	n	5
mosquito	n	3
most	bjr	1
mostly	b	3
motel	n	3
moth	n	3
mother	n	1
motherhood	n	6
motion	n	2
motivate	v	4
motivation	n	4
motive	n	5
motor	n	3
motorcycle	n	2
motto	n	6
mound	nv	6
mount	nv	5
mountain	n	1
mountainous	j	4
mourn	v	6
mournful	j	6
mouse	n	1
mouth	nv	1
move	v	1
movement	n	1
movie	n	1
mow	v	6
mr.	n	1
mrs.	n	1
ms.	n	1
much	bjr	1
mud	n	1
muddy	j	4
mug	n	2
mule	n	4
multiple	j	4
multiply	v	3
mumble	nv	5
municipal	j	5
murder	nv	3
murderer	n	4
murmur	nv	4
muscle	n	3
muscular	j	5
muse	n	6
museum	n	1
mushroom	nv	3
music	n	1
musical	jn	2
musician	n	2
muslim	jn	7
must	nx	1
mustache	n	6
mustard	n	5
mute	jnv	6
mutual	j	4
my	r	1
myself	r	1
mysterious	j	4
mystery	n	3
myth	n	5
nag	nv	6
nail	n	2
naive	j	5
naked	j	3
name	nv	1
namely	b	4
nap	nv	3
napkin	n	3
narrate	v	6
narrative	jn	5
narrator	n	6
narrow	jv	2
nasty	j	5
nation	n	2
national	j	1
nationalism	n	6
nationality	n	4
native	jn	3
natural	j	2
nature	n	1
naughty	j	2
navigate	v	6
navigation	n	6
navy	n	3
near	bjpv	1
nearby	bj	2
nearly	b	2
nearsighted	j	6
neat	j	3
necessary	j	2
necessity	n	3
neck	n	1
necklace	n	2
necktie	n	3
need	nvx	1
needle	n	2
needy	j	4
negative	jn	2
neglect	nv	4
negotiate	v	4
negotiation	n	5
neighbor	n	2
neighborhood	n	3
neither	bcjr	2
nephew	n	2
nerve	n	2
nervous	j	2
nest	nv	3
net	nv	1
network	nv	2
neutral	jn	5
never	b	1
nevertheless	b	4
new	j	1
news	n	1
newspaper	n	1
next	bj	1
nice	j	1
nickel	nv	6
nickname	nv	3
niece	n	2
night	n	1
nightmare	n	4
nine	jmnr	7
nineteen	jmnr	7
nineteenth	bjn	7
ninetieth 	bjn	7
ninety	jmnr	7
ninth 	bjn	7
no	bjn	1
noble	jn	4
nobody	nr	1
nod	nv	2
noise	n	1
noisy	j	1
nominate	v	5
nomination	n	5
nominee	n	5
none	br	2
nonprofit	j	5
nonsense	n	4
noodle	n	2
noon	n	1
nope	bjn	1
nor	c	2
norm	n	5
normal	j	3
north	bjn	1
northern	j	2
nose	n	1
nostril	n	6
not	b	1
notable	jn	6
note	nv	1
notebook	n	2
nothing	nr	1
notice	nv	1
noticeable	j	5
notify	v	5
notion	n	5
notorious	j	6
noun 	n	7
nourish	v	6
nourishment	n	6
nov 	n	7
novel	jn	2
novelist	n	3
november 	n	7
novice	n	6
now	bn	1
nowadays	b	4
nowhere	br	5
nuclear	j	4
nucleus	n	6
nude	jn	6
number	nv	1
numerous	j	4
nun	n	3
nurse	nv	1
nursery	n	4
nurture	nv	6
nut	n	2
nutrient	jn	5
nutrition	n	5
nutritious	j	4
o'clock	b	1
o.k.	bjnv	1
oak	n	3
oasis	n	6
oath	n	6
oatmeal	n	6
obedience	n	4
obedient	j	4
obey	v	2
object	nv	2
objection	n	4
objective	jn	4
obligation	n	5
oblige	v	6
obscure	jv	5
observation	n	4
observe	v	3
observer	n	5
obsess	v	6
obstacle	n	4
obstinate	j	6
obtain	v	4
obvious	j	2
occasion	n	3
occasional	j	4
occupation	n	4
occupy	v	4
occur	v	2
occurrence	n	6
ocean	n	2
oct	n	7
october	n	7
octopus	n	6
odd	j	3
odds	n	5
odor	n	6
of	p	1
off	bjp	1
offend	v	4
offense	n	4
offensive	j	4
offer	nv	2
offering	n	5
office	n	1
officer	n	1
official	jn	2
offshore	j	6
offspring	n	6
often	b	1
oil	nv	1
ok	bjnv	1
okay	bjnv	1
old	j	1
olive	jn	5
omit	v	3
on	bp	1
once	bcn	1
one 	jmnr	7
ongoing	j	3
onion	n	3
online	j	1
only	bcj	1
onto	p	3
open	jv	1
opera	n	4
operate	v	2
operation	n	3
operational	j	5
operative	j	6
operator	n	2
opinion	n	2
opponent	n	5
opportunity	n	3
oppose	v	4
opposite	bjnp	3
opposition	n	5
oppress	v	6
oppression	n	6
opt	v	5
optimism	n	5
optimistic	j	3
option	n	4
optional	j	5
or	c	1
oral	jn	3
orange	jn	1
orbit	nv	4
orchard	n	5
orchestra	n	4
ordeal	n	6
order	nv	1
orderly	jn	6
ordinary	j	2
organ	n	2
organic	j	3
organism	n	5
organization	n	2
organize	v	3
organizer	n	6
orient	nv	6
oriental	jn	6
orientation	n	4
origin	n	2
original	jn	3
originality	n	5
originate	v	6
ornament	nv	6
orphan	nv	4
orphanage	n	6
orthodox	j	6
other	jr	1
otherwise	b	4
ounce	n	6
our	r	1
ours	r	1
ourselves	r	1
out	bjnpv	1
outbreak	n	6
outcome	n	4
outdoor	j	3
outdoors	b	3
outer	j	3
outfit	nv	5
outgoing	j	6
outing	n	6
outlaw	nv	6
outlet	n	5
outline	nv	3
outlook	n	6
outnumber	v	6
output	nv	5
outrage	nv	6
outrageous	j	6
outright	bj	6
outset	n	6
outside	bjnp	1
outsider	n	5
outskirts	n	6
outstanding	j	4
outward	b	6
outward	j	6
outwards	b	6
oval	jn	4
oven	n	3
over	bp	1
overall	bjn	5
overcoat	n	4
overcome	v	4
overdo	v	6
overflow	nv	6
overhead	bjn	5
overhear	v	6
overlap	nv	6
overlook	v	4
overnight	bj	4
overseas	bj	3
oversee	v	5
overtake	v	5
overthrow	v	4
overturn	nv	5
overwhelm	v	5
overwork	nv	6
owe	v	3
owl	n	3
own	jrv	1
owner	n	2
ownership	n	3
ox	n	3
oxygen	n	4
oyster	n	6
ozone	n	6
p.m.	b	1
pace	nv	4
pacific 	n	7
pack	nv	1
package	n	1
packet	n	6
pad	nv	3
paddle	nv	6
page	n	1
pain	nv	2
painful	j	2
paint	nv	1
painter	n	3
painting	n	2
pair	n	1
pajamas	n	2
pal	n	3
palace	n	3
pale	j	2
palm	n	3
pan	n	2
pancake	n	3
panda	n	2
panel	n	4
panic	nv	3
pants	n	1
papaya	n	2
paper	nv	1
paperback	n	6
parachute	nv	4
parade	nv	3
paradise	n	3
paradox	n	6
paragraph	n	4
parallel	jnv	5
paralyze	v	6
parcel	nv	3
pardon	nv	2
parent	n	1
park	nv	1
parliament	n	6
parrot	nv	3
part	nv	1
partial	j	4
participant	n	5
participate	v	2
participation	n	4
particle	n	5
particular	j	2
partly	b	5
partner	n	2
partnership	n	4
party	nv	1
pass	nv	1
passage	n	3
passenger	n	3
passion	n	3
passionate	j	5
passive	j	4
passport	n	3
password	n	2
past	bjnp	1
pasta	n	4
paste	nv	2
pastime	n	6
pastry	n	5
pat	nv	3
patch	nv	5
patent	jnv	5
path	n	2
pathetic	j	5
patience	n	3
patient	jn	2
patriot	n	6
patriotic	j	6
patrol	nv	5
patron	n	5
pattern	nv	2
pause	nv	3
pave	v	3
pavement	n	3
paw	nv	4
pay	v	1
payment	n	1
pea	n	3
peace	n	2
peaceful	j	2
peach	n	2
peacock	n	6
peak	nv	2
peanut	n	3
pear	n	2
pearl	n	3
peasant	n	5
pebble	n	6
peculiar	j	4
pedal	nv	5
pedestrian	jn	5
peek	nv	6
peel	nv	3
peep	nv	4
peer	nv	4
pen	nv	1
penalty	n	4
pencil	n	1
pending	j	6
penetrate	v	5
penguin	n	3
peninsula	n	6
penny	n	3
pension	nv	5
people	nv	1
pepper	n	3
per	p	2
perceive	v	5
percent	n	4
percentage	n	4
perception	n	5
perch	nv	6
perfect	jnv	2
perfection	n	4
perform	v	3
performance	n	3
performer	n	5
perfume	nv	4
perhaps	b	1
peril	nv	6
period	n	2
perish	v	6
permanent	j	4
permissible	j	6
permission	n	3
permit	nv	3
persevere	v	6
persist	v	5
persistence	n	6
persistent	j	6
person	n	1
personal	j	2
personality	n	2
personnel	n	5
perspective	jn	5
persuade	v	3
persuasion	n	4
persuasive	j	4
pessimism	n	5
pessimistic	j	4
pest	n	4
pet	nv	1
petition	n	5
petrol	n	6
petroleum	n	6
petty	j	5
pharmacist	n	6
pharmacy	n	6
phase	nv	5
phenomenon	n	4
philippines 	n	7
philosopher	n	4
philosophical	j	4
philosophy	n	4
phone	nv	1
photo	nv	1
photograph	nv	1
photographer	n	3
photographic	j	5
photography	n	4
phrase	nv	2
physical	j	4
physician	n	4
physicist	n	4
physics	n	4
pianist	n	6
piano	n	1
pick	nv	1
pickle	n	4
pickpocket	n	6
pickup	n	5
picnic	nv	1
picture	nv	1
pie	n	1
piece	nv	1
pier	n	5
pig	nv	1
pigeon	n	3
pile	nv	3
pilgrim	n	6
pill	n	3
pillar	n	5
pillow	n	2
pilot	nv	3
pimple	n	6
pin	nv	1
pinch	nv	6
pine	n	3
pineapple	n	3
pink	jn	1
pint	n	3
pioneer	nv	4
pipe	nv	1
pipeline	n	5
pirate	nv	5
pit	n	3
pitch	nv	3
pitcher	n	5
pity	nv	3
pizza	n	2
place	nv	1
placement	n	5
plague	n	6
plain	jn	2
plan	nv	1
plane	n	1
planet	n	1
plant	nv	1
plantation	n	6
plastic	jn	3
plate	n	1
platform	n	2
play	nv	1
player	n	1
playful	j	3
playground	n	2
playwright	n	6
plea	n	5
plead	v	5
pleasant	j	2
please	v	1
pleasure	n	1
pledge	nv	5
plentiful	j	4
plenty	bnr	3
plot	nv	4
plow	nv	6
plug	nv	3
plum	n	4
plumber	n	4
plunge	nv	5
plural	jn	5
plus	jnp	2
pm	b	1
pneumonia	n	6
pocket	nv	1
poem	n	2
poet	n	2
poetic	j	5
poetry	n	2
point	nv	1
poison	nv	2
poisonous	j	4
poke	nv	5
polar	j	6
pole	n	3
police	nv	1
policeman	n	2
policy	n	2
polish	nv	4
polite	j	1
political	j	3
politician	n	3
politics	n	3
poll	nv	3
pollute	v	3
pollution	n	3
pond	n	1
ponder	v	6
pony	n	6
pool	nv	1
poor	j	1
pop	jn	2
popcorn	n	1
popular	j	1
popularity	n	4
populate	v	6
population	n	2
porcelain	n	3
porch	n	5
pork	n	2
port	n	2
portable	j	4
porter	n	6
portfolio	n	5
portion	nv	3
portrait	n	3
portray	v	4
pose	nv	2
position	nv	2
positive	jn	2
possess	v	4
possession	n	4
possibility	n	2
possible	j	1
post	bnv	2
postage	n	4
postcard	n	2
poster	n	3
postpone	v	3
postponement	n	3
posture	nv	6
pot	nv	1
potato	n	1
potent	j	6
potential	jn	4
pottery	n	3
poultry	n	6
pound	n	2
pour	v	3
poverty	n	3
powder	nv	3
power	nv	1
powerful	j	2
practical	j	3
practice	nv	1
practitioner	n	5
praise	nv	2
pray	v	2
prayer	n	2
preach	v	6
precaution	n	5
precede	v	6
precedent	n	6
precious	j	3
precise	j	4
precision	n	6
predator	n	5
predecessor	n	6
predict	v	4
prediction	n	4
prefer	v	2
preference	n	5
pregnancy	n	4
pregnant	j	4
prehistoric	j	6
prejudice	nv	5
preliminary	jn	5
premature	j	5
premier	jn	5
premiere	n	6
premise	n	5
premium	n	5
preparation	n	3
prepare	v	1
preposition 	n	7
prescribe	v	5
prescription	n	5
presence	n	3
present	jnv	1
presentation	n	4
preservation	n	4
preserve	v	4
preside	v	6
presidency	n	5
president	n	2
presidential	j	5
press	nv	2
pressure	nv	2
prestige	n	6
presumably	b	5
presume	v	5
pretend	v	3
pretty	bj	1
prevail	v	5
prevent	v	3
prevention	n	4
preventive	jn	6
preview	nv	6
previous	j	3
prey	nv	5
price	nv	1
priceless	j	6
pride	nv	2
priest	n	2
primary	j	2
prime	jn	4
primitive	j	4
prince	n	2
princess	n	2
principal	jn	2
principle	n	2
print	nv	2
printer	n	2
prior	bjn	5
priority	n	4
prison	n	2
prisoner	n	2
privacy	n	4
private	j	2
privatize	v	6
privilege	nv	4
prize	nv	2
probable	j	3
probably	b	1
probe	n	6
problem	n	1
procedure	n	4
proceed	v	4
process	nv	3
procession	n	6
proclaim	v	5
produce	nv	2
producer	n	3
product	n	3
production	n	2
productive	j	4
productivity	n	5
profession	n	4
professional	jn	4
professor	n	3
proficiency	n	6
profile	nv	5
profit	nv	3
profitable	j	4
profound	j	5
program	nv	1
progress	nv	2
progressive	jn	5
prohibit	v	5
prohibition	n	6
project	n	2
projection	n	5
prolong	v	5
prominent	j	4
promise	nv	2
promising	j	4
promote	v	3
promotion	n	4
prompt	jnv	4
prone	j	5
pronoun 	n	7
pronounce	v	3
pronunciation	n	4
proof	n	3
propaganda	n	5
propel	v	6
proper	j	2
property	n	3
prophet	n	5
proportion	nv	5
proposal	n	4
propose	v	2
prose	n	6
prosecute	v	6
prosecution	n	5
prospect	nv	5
prospective	j	6
prosper	v	4
prosperity	n	4
prosperous	j	4
protect	v	2
protection	n	3
protective	j	2
protein	n	4
protest	nv	4
prototype	n	6
proud	j	1
prove	v	2
proverb	n	6
provide	v	2
province	n	5
provincial	jn	6
provision	n	5
provisional	j	6
provoke	v	5
psychiatry	n	6
psychic	j	6
psychological	j	4
psychologist	n	4
psychology	n	4
psychotherapy	n	6
pub	n	3
public	jn	1
publication	n	4
publicity	n	4
publicize	v	6
publish	v	4
publisher	n	4
pudding	n	2
puff	nv	6
pull	nv	1
pulse	nv	5
pump	nv	3
pumpkin	n	2
punch	nv	3
punctual	j	6
punish	v	2
punishment	n	2
pupil	n	2
puppet	n	3
puppy	n	2
purchase	nv	5
pure	j	3
purify	v	6
purity	n	6
purple	jn	2
purpose	n	2
purse	n	3
pursue	v	4
pursuit	n	4
push	nv	1
put	v	1
puzzle	nv	2
pyramid	n	5
quake	nv	6
qualification	n	6
qualify	v	5
quality	n	2
quantity	n	2
quarrel	nv	4
quarter	n	1
queen	n	1
queer	j	3
quest	n	5
question	nv	1
questionnaire	n	5
quick	bj	1
quiet	jnv	1
quilt	nv	4
quit	v	3
quite	b	1
quiver	nv	5
quiz	n	2
quota	n	5
quotation	n	4
quote	nv	3
rabbit	n	1
race	nv	1
racial	j	3
racism	n	5
rack	nv	5
radar	n	4
radiant	jn	6
radiate	jv	6
radiation	n	5
radical	jn	5
radio	nv	1
radioactive	j	6
radish	n	6
radius	n	6
rag	n	3
rage	nv	4
ragged	j	5
raid	nv	5
rail	n	5
railroad	n	2
railway	n	2
rain	nv	1
rainbow	n	1
raincoat	n	2
rainfall	n	4
rainy	j	1
raise	nv	1
raisin	n	4
rally	nv	5
ranch	nv	5
random	j	5
range	nv	2
rank	nv	3
rap	n	6
rapid	j	2
rare	j	2
rash	jn	6
rat	n	2
rate	nv	3
rather	b	2
ratify	v	6
ratio	n	5
rational	j	5
rattle	nv	5
raw	j	3
ray	n	3
razor	n	3
reach	nv	1
react	v	3
reaction	n	3
read	v	1
ready	jv	1
real	j	1
realism	n	5
realistic	j	4
reality	n	2
realization	n	6
realize	v	2
really	b	1
realm	n	5
reap	v	6
rear	jn	5
reason	nv	1
reasonable	j	3
reassure	v	5
rebel	nv	4
rebellion	n	5
recall	nv	4
receipt	n	3
receive	v	2
receiver	n	3
recent	j	2
reception	n	4
recession	n	5
recipe	n	4
recipient	jn	5
recite	v	5
reckless	j	6
reckon	v	6
recognition	n	4
recognize	v	3
recommend	v	5
recommendation	n	5
reconcile	v	6
record	nv	2
recorder	n	3
recover	v	2
recovery	n	4
recreation	n	4
recreational	j	6
recruit	nv	5
rectangle	n	3
recycle	v	4
red	jn	1
reduce	v	3
reduction	n	4
redundancy	n	6
reef	n	6
refer	v	4
referee	nv	6
reference	n	4
referendum	n	6
refine	v	6
refinement	n	6
reflect	v	4
reflection	n	4
reflective	j	6
reform	nv	4
refresh	v	6
refreshment	n	6
refrigerator	n	2
refuge	n	5
refugee	n	4
refund	nv	4
refusal	n	4
refuse	v	2
refute	v	6
regard	nv	2
regarding	p	4
regardless	bj	5
regime	n	5
region	n	2
regional	j	3
register	nv	4
registration	n	4
regret	nv	3
regular	jn	2
regulate	v	4
regulation	n	4
rehabilitate	v	6
rehearsal	n	5
rehearse	v	6
reign	nv	6
reinforce	v	5
reject	v	2
rejection	n	4
rejoice	v	6
relate	v	2
relation	n	2
relationship	n	2
relative	jn	1
relax	v	3
relaxation	n	4
relay	nv	6
release	nv	3
relentless	j	6
relevant	j	4
reliable	j	3
reliance	n	6
reliant	j	6
relic	n	6
relief	n	3
relieve	v	4
religion	n	2
religious	j	3
reluctant	j	4
rely	v	3
remain	v	3
remainder	n	6
remark	nv	4
remarkable	j	4
remedy	nv	4
remember	v	1
remind	v	3
reminder	n	5
reminiscent	j	6
remote	j	3
removal	n	5
remove	v	2
render	v	5
renew	v	4
renowned	j	6
rent	nv	2
rental	n	5
repair	nv	2
repay	v	5
repeat	v	1
repetition	n	4
replace	v	3
replacement	n	3
reply	nv	2
report	nv	1
reporter	n	1
represent	v	3
representation	n	4
representative	jn	3
reproduce	v	6
reptile	jn	6
republic	n	3
republic of china 	n	7
republican	jn	5
reputation	n	4
request	nv	3
require	v	2
requirement	n	2
rescue	nv	4
research	nv	4
researcher	n	4
resemblance	n	5
resemble	v	4
resent	v	6
resentment	n	6
reservation	n	4
reserve	nv	3
reservoir	n	5
reside	v	6
residence	n	5
resident	jn	5
residential	j	5
resign	v	4
resignation	n	4
resist	v	3
resistance	n	4
resistant	j	6
resolution	n	4
resolve	nv	4
resort	nv	5
resource	n	3
respect	nv	2
respectable	j	4
respectful	j	4
respective	j	6
respond	v	2
respondent	n	5
response	n	3
responsibility	n	3
responsible	j	2
rest	nv	1
restaurant	n	1
restoration	n	6
restore	v	4
restrain	v	6
restraint	n	6
restrict	v	3
restriction	n	4
restroom	n	2
result	nv	2
resume	nv	5
retail	bjnv	5
retain	v	4
retire	v	4
retirement	n	4
retort	nv	6
retreat	nv	4
retrieve	v	6
return	nv	2
reunion	n	4
reveal	v	3
revelation	n	6
revenge	nv	4
revenue	n	5
reverse	jnv	5
review	nv	2
revise	v	4
revision	n	4
revival	n	6
revive	v	6
revolt	nv	6
revolution	n	4
revolutionary	jn	4
revolve	v	6
reward	nv	4
rhetoric	n	5
rhyme	nv	4
rhythm	n	4
rib	nv	5
ribbon	n	3
rice	n	1
rich	j	1
riches	n	2
rid	jv	3
riddle	n	4
ride	nv	1
ridge	nv	5
ridiculous	j	5
rifle	nv	5
right	bjn	1
rigid	j	5
rigorous	j	6
rim	nv	5
ring	nv	1
riot	nv	5
rip	nv	5
ripe	j	3
ripple	nv	6
rise	nv	1
risk	nv	3
risky	j	5
ritual	jn	5
rival	jnv	5
rivalry	n	6
river	n	1
roach	n	2
road	n	1
roam	nv	6
roar	nv	3
roast	jnv	3
rob	v	3
robber	n	4
robbery	n	3
robe	n	3
robot	n	1
robust	j	6
rock	nv	1
rocket	n	3
rocky	j	2
rod	n	5
role	n	2
roll	nv	1
romance	n	4
romantic	jn	3
roof	nv	2
room	nv	1
rooster	n	2
root	n	1
rope	n	1
rose	n	1
rot	nv	3
rotate	v	6
rotation	n	6
rotten	j	3
rough	bjn	3
roughly	b	3
round	bjnpv	1
route	nv	4
routine	jn	3
row	nv	1
royal	j	2
royalty	n	6
rub	nv	2
rubber	n	2
rubbish	n	6
rude	j	2
rug	n	3
rugged	j	6
ruin	nv	4
rule	nv	1
ruler	n	1
rumor	nv	3
run	v	1
runner	n	2
rural	j	4
rush	nv	3
russia	n	7
rust	nv	3
rusty	j	4
ruthless	j	6
sack	n	3
sacred	j	5
sacrifice	nv	4
sad	j	1
saddle	nv	5
safe	jn	1
safety	n	2
sail	nv	2
sailor	n	2
saint	nv	5
sake	n	3
salad	n	1
salary	n	3
sale	n	1
salesman 	n	2
salesperson	n	2
saleswoman	n	2
salmon	jn	5
salon	n	5
salt	jnv	1
salty	j	2
salute	nv	6
salvage	v	6
same	bjr	1
sample	nv	2
sand	nv	2
sandal	n	5
sandwich	nv	2
sanitation	n	6
sat 	n	7
satellite	n	4
satisfaction	n	4
satisfactory	j	3
satisfy	v	2
saturday 	n	7
sauce	n	3
saucer	n	3
saudi arabia	n	7
sausage	n	3
savage	jnv	6
save	v	1
saving	n	3
saw	nv	2
say	v	1
scale	n	3
scan	nv	5
scandal	n	5
scar	nv	5
scarce	j	3
scarcely	b	4
scare	nv	2
scared	j	2
scarf	n	3
scary	j	3
scatter	nv	3
scenario	n	5
scene	n	2
scenery	n	4
scenic	j	6
scent	nv	5
schedule	nv	2
scheme	nv	5
scholar	n	3
scholarship	n	3
school	nv	1
science	n	1
scientific	j	3
scientist	n	3
scissors	n	3
scold	nv	4
scoop	nv	4
scooter	n	2
scope	n	5
score	nv	2
scorn	nv	6
scout	nv	3
scramble	nv	5
scrap	nv	5
scrape	nv	6
scratch	nv	4
scream	nv	3
screen	n	2
screw	nv	3
screwdriver	n	6
script	nv	5
scroll	nv	6
scrub	nv	3
scrutiny	n	6
sculptor	n	6
sculpture	nv	4
sea	n	1
seafood	n	2
seagull	n	6
seal	nv	3
search	nv	2
season	n	1
seat	nv	1
second	bjn	1
second	bjn	7
secondary	j	2
secret	jn	2
secretary	n	1
section	n	2
sector	n	5
secure	jv	4
security	n	3
seduce	v	6
see	v	1
seed	n	1
seek	v	2
seem	v	2
seesaw	n	2
segment	nv	5
seize	v	4
seldom	b	2
select	jv	2
selection	n	2
selective	j	6
self	n	2
selfish	j	2
sell	v	1
semester	n	3
seminar	n	5
senator	n	5
send	v	1
senior	jn	3
sensation	n	5
sense	nv	2
sensible	j	3
sensitive	j	2
sensitivity	n	5
sensor	n	5
sentence	nv	1
sentiment	n	5
sentimental	j	5
sep	n	7
separate	jv	2
separation	n	3
september	n	7
sequence	nv	5
serene	j	6
sergeant	n	6
serial	j	6
series	n	5
serious	j	1
sermon	n	6
servant	n	2
serve	v	2
server	n	5
service	n	1
serving	n	6
session	n	5
set	nv	1
setback	n	6
setting	n	5
settle	v	2
settlement	n	2
settler	n	4
seven 	jmnr	7
seventeen 	jmnr	7
seventeenth 	bjn	7
seventh 	bjn	7
seventieth	bjn	7
seventy 	jmnr	7
several	jr	1
severe	j	4
sew	v	4
sex	n	2
sexual	j	3
sexy	j	3
shabby	j	6
shade	nv	4
shadow	nv	3
shady	j	4
shake	nv	1
shall	x	1
shallow	j	3
shame	nv	2
shameful	j	4
shampoo	nv	3
shape	n	1
share	nv	1
shareholder	n	5
shark	n	2
sharp	bj	1
sharpen	v	6
shatter	v	5
shave	nv	4
shaver	n	6
she	r	1
shed	nv	5
sheep	n	1
sheer	bj	5
sheet	n	2
shelf	n	2
shell	n	2
shelter	nv	4
shepherd	n	3
sheriff	n	5
shield	nv	5
shift	nv	4
shine	nv	2
shiny	j	3
ship	nv	1
shirt	n	1
shiver	nv	5
shock	nv	2
shoe	n	1
shoot	nv	2
shop	nv	1
shopkeeper	n	2
shore	n	2
short	j	1
shortage	n	5
shortcoming	n	6
shorten	v	3
shortly	b	3
shorts	n	1
shortsighted	j	6
shot	n	2
shoulder	n	1
shout	nv	1
shove	nv	5
shovel	nv	3
show	nv	1
shower	nv	1
shred	nv	6
shriek	nv	6
shrimp	n	3
shrink	v	3
shrub	n	6
shrug	nv	5
shuffle	v	6
shut	jv	2
shutter	nv	6
shuttle	nv	5
shy	j	2
sibling	n	5
sick	j	1
side	n	1
sidewalk	n	2
siege	n	5
sigh	nv	3
sight	nv	1
sightseeing	n	4
sign	nv	1
signal	nv	3
signature	jn	4
significance	n	4
significant	j	3
silence	nv	2
silent	j	2
silk	n	3
silly	j	2
silver	jn	2
similar	j	2
similarity	n	3
simple	j	1
simplicity	n	6
simplify	v	6
simply	b	2
simultaneous	j	6
sin	nv	3
since	bcp	1
sincere	j	3
sincerity	n	4
sing	v	1
singapore	n	7
singer	n	1
single	jnv	2
singular	jn	4
sink	nv	3
sip	nv	3
sir	n	1
sister	n	1
sit	v	1
site	nv	4
situation	n	3
six 	jmnr	7
sixteen 	jmnr	7
sixteenth 	bjn	7
sixth 	bjn	7
sixtieth	bjn	7
sixty 	jmnr	7
size	nv	1
skate	nv	3
skeleton	n	5
skeptical	j	6
sketch	nv	4
ski	nv	3
skill	n	2
skilled	j	2
skillful	j	3
skim	nv	6
skin	n	2
skinny	j	3
skip	nv	3
skirt	n	1
skull	n	5
sky	n	1
skyscraper	n	4
slam	nv	5
slang	nv	6
slap	bnv	5
slash	nv	6
slaughter	nv	6
slave	nv	3
slavery	n	5
slay	v	6
sleep	nv	1
sleepy	j	2
sleeve	n	3
slender	j	3
slice	nv	3
slide	nv	2
slight	jnv	4
slim	j	1
slip	nv	2
slipper	n	2
slippery	j	3
slogan	n	4
slope	n	3
sloppy	j	6
slot	nv	5
slow	bjv	1
slum	nv	6
slump	nv	6
sly	j	6
small	bjn	1
smart	j	1
smash	nv	5
smell	nv	1
smile	nv	1
smog	n	5
smoke	nv	1
smooth	jv	2
smuggle	v	6
snack	nv	2
snail	n	2
snake	nv	1
snap	nv	3
snatch	nv	5
sneak	nv	5
sneaker	n	6
sneaky	j	6
sneeze	nv	6
sniff	nv	5
snore	nv	6
snow	nv	1
snowy	j	2
so	bc	1
soak	nv	5
soap	nv	2
soar	v	5
sob	nv	5
sober	jv	5
soccer	n	2
sociable	j	6
social	j	2
socialism	n	6
socialist	n	6
socialize	v	6
society	n	2
sociology	n	6
sock	n	2
socket	n	4
soda	n	2
sofa	n	1
soft	j	2
soften	v	5
software	n	4
soil	n	2
solar	j	4
soldier	n	1
sole	jnv	5
solemn	j	6
solid	j	3
solidarity	n	6
solitary	jn	6
solitude	n	6
solo	bjn	5
solution	n	2
solve	v	2
some	jr	1
somebody	nr	1
someday	b	3
somehow	b	3
someone	nr	1
something	nr	1
sometime	b	3
sometimes	b	1
somewhat	b	2
somewhere	b	1
son	n	1
song	n	1
soon	b	1
soothe	v	6
sophisticated	j	5
sophomore	n	5
sore	jn	1
sorrow	n	3
sorrowful	j	6
sorry	j	1
sort	nv	2
soul	n	2
sound	n	1
soup	n	1
sour	jnv	2
source	n	2
south	bjn	1
southern	j	2
souvenir	n	5
sovereign	jn	6
sovereignty	n	5
sow	v	5
soybean	n	2
space	nv	1
spacecraft	n	6
spaceship	n	6
spacious	j	5
spade	n	4
spaghetti	n	3
spain	n	7
span	nv	6
spare	jnv	4
spark	nv	4
sparkle	nv	5
sparrow	n	6
speak	v	1
speaker	n	2
spear	nv	4
special	j	1
specialist	n	5
specialize	v	5
specialty	n	5
species	n	4
specific	j	3
specify	v	5
specimen	n	5
spectacle	n	6
spectacular	jn	5
spectator	n	5
spectrum	n	5
speculate	v	5
speech	n	2
speed	nv	2
spell	v	1
spelling	n	2
spend	v	1
sphere	n	5
spice	nv	3
spicy	j	5
spider	n	2
spill	nv	3
spin	nv	3
spinach	n	3
spine	n	5
spiral	jnv	6
spirit	n	2
spiritual	j	4
spit	nv	3
spite	n	3
splash	nv	3
splendid	j	4
splendor	n	6
split	nv	4
spoil	v	3
spokesman	n	6
spokesperson	n	6
spokeswoman	n	6
sponge	nv	5
sponsor	nv	5
sponsorship	n	5
spontaneous	j	6
spoon	n	2
sport	nv	2
sportsman	nn	6
sportsmanship	n	6
sportswoman	n	6
spot	nv	2
spotlight	nv	6
spouse	n	5
spray	nv	3
spread	nv	2
spring	n	7
spring	nv	1
sprinkle	nv	4
spur	nv	6
spy	nv	3
squad	n	5
square	jn	1
squash	nv	5
squat	jnv	5
squeeze	nv	3
squirrel	n	3
stab	nv	4
stability	n	5
stabilize	v	6
stable	j	3
stack	nv	5
stadium	n	3
staff	nv	3
stage	nv	2
stagger	nv	6
stain	nv	5
stair	n	1
stake	nv	5
stale	j	3
stall	nv	5
stamp	nv	2
stance	n	5
stand	nv	1
standard	jn	2
staple	nv	6
star	nv	1
stare	nv	3
start	nv	1
startle	v	5
starvation	n	6
starve	v	3
state	v	2
statement	n	2
statesman	n	6
station	n	1
stationary	j	6
stationery	n	6
statistic	n	4
statistical	j	5
statue	n	3
stature	n	6
status	n	4
statute	n	6
stay	nv	1
steady	bjnv	3
steak	n	2
steal	v	3
steam	nv	3
steel	nv	2
steep	j	3
steer	nv	5
stem	nv	4
step	nv	2
stepchild	n	6
stepfather	n	6
stepmother	n	6
stereo	n	4
stereotype	nv	5
stew	nv	5
stick	nv	2
sticky	j	3
stiff	j	3
still	bj	1
stimulate	v	5
stimulation	n	6
stimulus	n	5
sting	nv	3
stingy	j	4
stink	nv	5
stir	nv	3
stitch	nv	3
stock	n	5
stocking	n	4
stomach	n	3
stomachache	n	2
stone	nv	2
stool	n	3
stop	nv	1
storage	n	5
store	nv	1
storm	nv	2
stormy	j	3
story	n	1
stove	n	3
straight	bjn	1
straighten	v	5
straightforward	j	5
strain	nv	5
strait	n	6
strand	nv	5
strange	j	1
stranger	n	2
strangle	v	6
strap	nv	5
strategic	j	5
strategy	n	3
straw	n	3
strawberry	n	2
stray	jnv	6
stream	nv	2
street	n	1
strength	n	3
strengthen	v	4
stress	nv	2
stretch	nv	2
strict	j	2
stride	nv	6
strike	nv	2
striking	j	5
string	n	1
strip	nv	3
stripe	n	4
strive	v	4
stroke	nv	4
stroll	nv	6
strong	j	1
structural	j	5
structure	n	3
struggle	nv	2
stubborn	j	3
student	n	1
studio	n	3
study	nv	1
stuff	nv	3
stumble	nv	5
stun	v	6
stupid	j	1
sturdy	j	5
stutter	nv	6
style	nv	2
stylish	j	6
subject	n	1
subjective	jn	6
submarine	jn	4
submit	v	5
subordinate	jnv	6
subscribe	v	6
subscription	n	6
subsequent	j	5
subsidize	v	6
subsidy	n	5
substance	n	3
substantial	j	5
substitute	nv	5
subtle	j	5
subtract	v	3
suburb	n	3
suburban	j	5
subway	n	2
succeed	v	2
success	n	2
successful	j	1
succession	n	6
successive	j	6
successor	n	5
such	jr	2
suck	nv	3
sudden	jn	2
sue	v	4
suffer	v	3
sufficient	j	3
suffocate	v	6
sugar	n	1
suggest	v	2
suggestion	n	4
suicide	n	3
suit	nv	2
suitable	j	2
suitcase	n	6
suite	n	5
sum	nv	3
summarize	v	4
summary	n	3
summer	n	7
summit	n	3
summon	v	6
sun	nv	1
sun 	n	7
sunday 	n	7
sunny	j	1
super	bj	2
superb	j	5
superficial	j	6
superintendent	n	6
superior	jn	3
superiority	n	6
supermarket	n	1
superstition	n	5
superstitious	j	6
supervise	v	5
supervision	n	5
supervisor	n	5
supper	n	2
supplement	nv	6
supply	nv	2
support	nv	2
suppose	v	2
supposedly	b	5
suppress	nv	6
supreme	j	5
sure	bj	1
surf	v	2
surface	nv	2
surge	nv	6
surgeon	n	4
surgery	n	4
surgical	j	6
surname	n	6
surpass	v	6
surplus	jn	5
surprise	nv	1
surprised	j	1
surrender	nv	4
surround	v	3
surroundings	n	4
surveillance	n	5
survey	nv	3
survival	n	2
survive	v	2
survivor	n	3
suspect	jnv	3
suspend	v	5
suspense	n	6
suspension	n	6
suspicion	n	3
suspicious	j	4
sustain	v	5
sustainable	j	5
swallow	nv	2
swamp	nv	6
swan	n	3
swap	nv	5
swarm	nv	6
sway	nv	4
swear	v	3
sweat	nv	3
sweater	n	2
sweep	v	2
sweet	j	1
swell	nv	3
swift	j	3
swim	nv	2
swimsuit	n	2
swing	nv	2
switch	nv	2
sword	n	3
syllable	n	4
symbol	n	2
symbolic	j	5
symbolize	v	6
symmetry	n	6
sympathetic	j	4
sympathize	v	6
sympathy	n	4
symphony	n	6
symptom	n	5
syndrome	n	5
synonym	n	6
synthetic	jn	6
syrup	n	6
system	n	2
systematic	j	4
t-shirt	n	1
table	n	1
tablet	n	3
tackle	v	5
tactic	n	5
tag	nv	3
tail	n	1
tailor	n	3
taiwan	n	7
take	v	1
tale	n	2
talent	n	3
talk	nv	1
talkative	j	3
tall	j	1
tame	jv	3
tan	jnv	6
tangerine	n	3
tangle	nv	5
tank	n	3
taoism 	n	7
taoist 	jn	7
tap	nv	3
tape	n	1
target	nv	2
task	nv	2
taste	nv	1
tasty	j	3
tax	nv	2
taxi	n	1
taxicab	n	1
tea	n	1
teach	v	1
teacher	n	1
team	nv	1
teapot	n	2
tear	nv	2
tease	v	3
technical	j	3
technician	n	4
technique	n	3
technological	j	4
technology	n	2
tedious	j	6
teenage	j	3
teenager	n	1
teens	n	2
telecommunications	n	6
telegraph	nv	4
telephone	nv	1
telescope	n	4
television	n	1
tell	v	1
teller	n	6
temper	n	3
temperature	n	2
temple	n	1
tempo	n	6
temporary	j	3
tempt	v	5
temptation	n	5
ten 	jmnr	7
tenant	nv	6
tend	v	3
tendency	n	4
tender	j	3
tennis	n	1
tense	jv	4
tension	n	4
tent	n	3
tentative	j	6
tenth 	bjn	7
term	nv	2
terminal	jn	5
terrace	nv	6
terrible	j	1
terrific	j	3
terrify	v	5
territory	n	3
terror	n	4
terrorism	n	2
terrorist	j	2
test	nv	1
testify	v	5
text	n	2
textbook	n	2
textile	jn	6
texture	nv	5
thailand	n	7
than	cp	1
thank	nv	1
thankful	j	3
that	bcjr	1
the	a	1
theater	n	1
theft	n	5
their	r	1
theirs	r	1
them	r	1
theme	n	4
themselves	r	1
then	bj	1
theology	n	5
theoretical	j	5
theory	n	3
therapist	n	5
therapy	n	5
there	bn	1
thereafter	b	6
thereby	b	5
therefore	b	2
thermometer	n	6
these	jr	1
thesis	n	5
they	r	1
thick	j	1
thief	n	2
thigh	n	5
thin	j	1
thing	n	1
think	v	1
third	bjn	1
third 	bjn	7
thirst	n	3
thirsty	j	2
thirteen	jmnr	7
thirteenth	bjn	7
thirtieth 	bjn	7
thirty	jmnr	7
thirty-four 	jmnr	7
thirty-one	jmnr	7
thirty-three	jmnr	7
thirty-two	jmnr	7
this	bjr	1
thorough	j	4
those	jr	1
though	bc	1
thought	n	2
thoughtful	j	4
thousand	jn	1
thousand	mn	7
thousandth	bjn	7
thread	nv	3
threat	n	3
threaten	v	3
three 	jmnr	7
threshold	n	5
thrill	nv	5
thriller	n	5
thrive	v	5
throat	n	1
throne	n	5
through	bp	1
throughout	bp	2
throw	nv	1
thrust	nv	5
thu 	n	7
thumb	nv	3
thunder	nv	2
thursday 	n	7
thus	b	2
tick	nv	5
ticket	n	1
tickle	nv	4
tide	n	3
tidy	jv	1
tie	nv	1
tiger	n	1
tight	bj	3
tighten	v	3
tile	nv	5
till	cp	2
tilt	nv	6
timber	n	3
time	nv	1
timetable	n	4
timid	j	4
tin	nv	5
tiny	j	2
tip	nv	1
tiptoe	nv	6
tire	nv	2
tired	j	1
tiresome	j	6
tissue	n	2
title	nv	2
to	p	1
toast	nv	2
tobacco	n	3
today	bn	1
toe	n	1
tofu	n	2
together	b	1
toilet	n	1
token	n	6
tolerable	j	4
tolerance	n	4
tolerant	j	4
tolerate	v	4
toll	nv	5
tomato	n	1
tomb	n	4
tomorrow	bn	1
ton	n	3
tone	n	2
tongue	n	2
tonight	bn	1
too	b	1
tool	n	1
tooth	n	1
toothache	n	2
toothbrush	n	2
top	jnv	1
topic	n	1
torch	nv	5
torment	nv	5
tornado	n	6
torrent	n	6
tortoise	n	4
torture	nv	4
toss	nv	3
total	jnv	1
touch	nv	1
tough	j	3
tour	nv	2
tourism	n	3
tourist	n	3
tournament	n	5
tow	nv	3
toward	p	2
towards	p	2
towel	nv	1
tower	n	3
town	n	1
toxic	j	5
toy	n	1
trace	nv	3
track	nv	2
trade	nv	2
trademark	n	6
trader	n	3
tradition	n	2
traditional	j	2
traffic	nv	1
tragedy	n	4
tragic	j	4
trail	nv	3
train	nv	1
trait	n	5
traitor	n	5
transaction	n	5
transcript	n	6
transfer	nv	4
transform	v	4
transformation	n	5
transit	nv	5
transition	n	5
translate	v	4
translation	n	4
translator	n	4
transmission	n	5
transmit	v	6
transparent	j	5
transplant	nv	6
transport	nv	3
transportation	n	4
trap	nv	2
trash	nv	2
trauma	n	5
travel	nv	2
traveler	n	3
tray	n	3
treasure	nv	2
treasury	n	6
treat	v	1
treatment	n	1
treaty	n	5
tree	n	1
trek	nv	6
tremble	nv	4
tremendous	j	4
trend	n	3
trial	n	2
triangle	n	2
tribal	j	4
tribe	n	3
tribute	n	5
trick	nv	2
tricky	j	3
trifle	nv	6
trigger	nv	5
trillion	n	6
trim	jnv	5
trip	nv	1
triple	jnv	5
triumph	nv	4
trivial	j	5
troop	n	3
trophy	n	5
tropic	jn	6
tropical	j	3
trouble	nv	1
troublesome	j	4
trout	n	6
truck	n	1
true	bjv	2
trumpet	n	3
trunk	n	3
trust	nv	2
trustee	n	6
truth	n	2
truthful	j	3
try	nv	1
tub	n	3
tube	n	2
tuck	nv	6
tue	n	7
tuesday	n	7
tug	nv	3
tuition	n	5
tumble	nv	4
tumor	n	5
tuna	n	5
tune	nv	3
tunnel	nv	3
turkey	n	7
turmoil	n	6
turn	nv	1
turtle	n	2
tutor	nv	3
tv	n	1
twelfth 	bjn	7
twelve	jmnr	7
twentieth 	bjn	7
twenty	jmnr	7
twenty three	jmnr	7
twenty-fifth	bjn	7
twenty-first	bjn	7
twenty-five 	jmnr	7
twenty-four 	jmnr	7
twenty-fourth 	bjn	7
twenty-one	jmnr	7
twenty-second 	bjn	7
twenty-third	bjn	7
twenty-two	jmnr	7
twice	b	1
twig	n	4
twilight	n	6
twin	n	3
twinkle	nv	6
twist	nv	3
two 	jmnr	7
type	nv	1
typhoon	n	2
typical	j	2
ugly	j	2
ultimate	jn	5
umbrella	n	2
unanimous	j	6
uncle	n	1
unconditional	j	6
uncover	v	5
under	bp	1
underestimate	nv	6
undergo	v	5
undergraduate	n	5
underground	n	2
underline	nv	5
underlying	v	3
undermine	v	5
underneath 	bjnp	6
underpass	n	6
understand	v	1
undertake	v	5
underway	b	6
underwear	n	3
undo	v	5
undoubtedly	b	5
unemployment	n	5
unfold	v	5
unification	n	6
uniform	n	1
unify	v	6
union	n	3
unique	jn	3
unit	n	2
unite	v	3
united kingdom	n	7
united states	n	7
unity	n	3
universal	jn	4
universe	n	2
university	n	2
unless	c	2
unlock	v	5
unprecedented	j	5
until	cp	1
unveil	v	6
up	bjnpv	1
update	nv	5
upgrade	nv	5
upload	v	2
upon	p	2
upper	j	2
upright	bjn	6
uprising	n	6
upset	jnv	2
upstairs	bjn	2
upward	b	6
upward	j	6
upwards	b	6
urban	j	3
urge	nv	4
urgency	n	6
urgent	j	4
us	r	1
usage	n	4
use	nv	1
used	j	2
useful	j	1
user	n	2
usher	nv	6
usual	j	2
usually	b	1
utensil	n	6
utility	n	5
utilize	v	5
utter	jv	6
vacancy	n	4
vacant	j	3
vacation	nv	2
vaccine	n	6
vacuum	nv	5
vague	j	5
vain	j	4
valid	j	5
valley	n	2
valuable	j	2
value	nv	2
van	n	3
vanilla	n	6
vanish	v	3
vanity	n	6
vapor	n	6
variable	jn	5
variation	n	5
variety	n	3
various	j	3
vary	v	3
vase	n	3
vast	j	4
vegetable	n	1
vegetarian	n	4
vehicle	n	3
veil	nv	6
vein	n	5
velvet	jn	6
vendor	n	5
venture	nv	5
venue	n	5
verb	n	7
verbal	jn	5
verdict	n	5
versatile	j	6
verse	n	3
version	n	5
versus	p	5
vertical	jn	5
very	b	1
vessel	n	4
vest	n	3
vet	n	6
veteran	n	5
veterinarian	n	6
veto	nv	6
via	p	5
viable	j	5
vibrate	v	6
vibration	n	6
vice	n	6
vicious	j	5
victim	n	3
victor	n	6
victory	n	2
video	jnv	1
vietnam	n	7
view	nv	2
viewer	n	5
viewpoint	n	5
vigor	n	6
vigorous	j	6
villa	n	6
village	n	2
villain	n	6
vine	n	6
vinegar	n	5
vineyard	n	6
violate	v	4
violation	n	4
violence	n	3
violent	j	3
violet	jn	3
violin	n	1
violinist	n	6
virgin	jn	6
virtual	j	5
virtue	n	4
virus	n	4
visa	n	5
visible	j	3
vision	n	3
visit	nv	1
visitor	n	1
visual	j	4
vital	j	4
vitality	n	6
vitamin	n	3
vivid	j	3
vocabulary	n	3
vocal	jn	5
vocation	n	6
vocational	j	6
voice	n	1
volcano	n	5
volleyball	n	3
volume	n	3
voluntary	j	4
volunteer	nv	4
vomit	nv	5
vote	nv	2
voter	n	3
voucher	n	5
vow	nv	5
vowel	n	6
voyage	nv	4
vulnerable	j	5
wag	nv	6
wage	n	3
wagon	n	3
waist	n	2
wait	nv	1
waiter	n	2
waitress	n	2
wake	v	1
waken	v	4
walk	nv	1
wall	n	1
wallet	n	2
walnut	n	6
wander	nv	3
want	nv	1
war	n	2
ward	nv	6
wardrobe	n	6
warehouse	nv	5
warm	jv	1
warmth	n	3
warn	v	3
warrant	n	6
warranty	n	6
warrior	n	5
wary	j	5
wash	nv	2
waste	nv	2
watch	nv	1
water	nv	1
waterfall	n	3
watermelon	n	2
waterproof	jv	6
wave	nv	1
wax	nv	3
way	n	1
we	r	1
weak	j	1
weaken	v	3
wealth	n	2
wealthy	j	3
weapon	n	3
wear	v	1
weary	jv	6
weather	nv	1
weave	nv	3
web	n	3
website	n	4
wed	n	7
wed	v	3
wedding	n	2
wednesday	n	7
weed	nv	3
week	n	1
weekday	n	2
weekend	nv	1
weekly	bjn	3
weep	v	3
weigh	v	2
weight	n	2
weird	j	5
welcome	jnv	1
welfare	n	4
well	bjn	1
west	bjn	1
western	jn	2
wet	jv	1
whale	n	2
wharf	nv	6
what	jr	1
whatever	jr	2
whatsoever	jr	5
wheat	n	3
wheel	n	2
wheelchair	n	5
when	bcr	1
whenever	bc	2
where	bcnr	1
whereabouts	bn	5
whereas	c	5
wherever	bc	2
whether	c	1
which	jr	1
while	cnv	1
whine	nv	5
whip	nv	3
whiskey	n	6
whisky	n	6
whisper	nv	2
whistle	nv	3
white	jn	1
who	r	1
whoever	r	2
whole	jn	2
wholesale	bjnv	6
wholesome	j	6
whom	r	2
whose	r	1
why	bn	1
wicked	j	3
wide	bj	1
widen	v	3
widespread	j	5
widow	n	6
widower	n	6
width	n	2
wife	n	1
wig	n	5
wild	bjn	2
wilderness	n	5
wildlife	n	5
will	nx	1
willing	j	2
win	nv	1
wind	nv	1
window	n	1
windshield	n	5
windy	j	2
wine	n	2
wing	n	2
wink	nv	4
winter	n	7
wipe	nv	3
wire	n	2
wisdom	n	3
wise	j	1
wish	nv	1
wit	n	4
witch	n	4
with	p	1
withdraw	v	4
wither	v	5
withhold	v	6
within	bp	2
without	bp	1
witness	nv	4
witty	j	5
wizard	n	4
woe	n	6
wolf	n	2
woman	n	1
wonder	nv	2
wonderful	j	1
wood	n	2
wooden	j	2
woodpecker	n	6
wool	n	2
word	n	1
work	nv	1
workbook	n	2
worker	n	1
workforce	n	6
workout	n	4
workplace	n	4
workshop	n	5
world	n	1
worm	nv	2
worry	nv	1
worse	bjn	2
worship	nv	5
worst	bjn	2
worth	jn	2
worthwhile	j	5
worthy	j	5
wound	nv	2
wrap	nv	3
wreck	nv	4
wrestle	nv	6
wrinkle	nv	6
wrist	n	3
write	v	1
writer	n	1
wrong	bjnv	1
yacht	nv	5
yam	n	2
yard	n	1
yawn	nv	4
yeah	bn	1
year	n	1
yearly	bj	3
yearn	v	6
yell	nv	3
yellow	jnv	1
yes	bn	1
yesterday	bn	1
yet	bc	1
yield	nv	5
yoga	n	6
yogurt	n	6
yolk	n	3
you	r	1
young	jn	1
youngster	n	3
your	r	1
yours	r	1
yourself	r	1
yourselves	r	1
youth	n	2
youthful	j	4
zebra	n	2
zero	n	1
zipper	nv	3
zone	nv	3
zoo	n	1
zoom	nv	6
